species_sci,oila,turkum,sinf,tartib,gbif_asl_nomi,sana,manba
Atriplex lasiantha Boiss.,Amaranthaceae,Atriplex,Magnoliopsida,Caryophyllales,Atriplex lasiantha Boiss.,2026-08-25,GBIF species list 0035702-260806074905277 + WCVP UZB tarqalish
Atriplex pratovii Sukhor.,Amaranthaceae,Atriplex,Magnoliopsida,Caryophyllales,Atriplex pratovii Sukhor.,2026-08-25,GBIF species list 0035702-260806074905277 + WCVP UZB tarqalish
Chenopodium betaceum Andrz.,Amaranthaceae,Chenopodium,Magnoliopsida,Caryophyllales,Chenopodium betaceum Andrz.,2026-08-25,GBIF species list 0035702-260806074905277 + WCVP UZB tarqalish
Chenopodium ficifolium Sm.,Amaranthaceae,Chenopodium,Magnoliopsida,Caryophyllales,Chenopodium ficifolium Sm.,2026-08-25,GBIF species list 0035702-260806074905277 + WCVP UZB tarqalish
Climacoptera korshinskyi (Drobow) Botsch.,Amaranthaceae,Climacoptera,Magnoliopsida,Caryophyllales,Climacoptera korshinskyi (Drobow) Botsch.,2026-08-25,GBIF species list 0035702-260806074905277 + WCVP UZB tarqalish
Oreosalsola laricifolia (Litv. ex Drobow) Akhani,Amaranthaceae,Oreosalsola,Magnoliopsida,Caryophyllales,Oreosalsola laricifolia (Litv. ex Drobow) Akhani,2026-08-25,GBIF species list 0035702-260806074905277 + WCVP UZB tarqalish
Pyankovia affinis (C.A.Mey. ex Schrenk) Mosyakin & Roalson,Amaranthaceae,Pyankovia,Magnoliopsida,Caryophyllales,Pyankovia affinis (C.A.Mey. ex Schrenk) Mosyakin & Roalson,2026-08-25,GBIF species list 0035702-260806074905277 + WCVP UZB tarqalish
Salicornia perennans Willd.,Amaranthaceae,Salicornia,Magnoliopsida,Caryophyllales,Salicornia perennans Willd.,2026-08-25,GBIF species list 0035702-260806074905277 + WCVP UZB tarqalish
Salicornia persica Akhani,Amaranthaceae,Salicornia,Magnoliopsida,Caryophyllales,Salicornia persica Akhani,2026-08-25,GBIF species list 0035702-260806074905277 + WCVP UZB tarqalish
Allium scabriscapum Boiss.,Amaryllidaceae,Allium,Liliopsida,Asparagales,Allium scabriscapum Boiss.,2026-08-25,GBIF species list 0035702-260806074905277 + WCVP UZB tarqalish
Aulacospermum multicaule Pimenov & Tojibaev,Apiaceae,Aulacospermum,Magnoliopsida,Apiales,Aulacospermum multicaule Pimenov & Tojibaev,2026-08-25,GBIF species list 0035702-260806074905277 + WCVP UZB tarqalish
Elwendia cylindrica (Boiss. & Hausskn.) Pimenov & Kljuykov,Apiaceae,Elwendia,Magnoliopsida,Apiales,Elwendia cylindrica (Boiss. & Hausskn.) Pimenov & Kljuykov,2026-08-25,GBIF species list 0035702-260806074905277 + WCVP UZB tarqalish
Ferula jaeschkeana Vatke,Apiaceae,Ferula,Magnoliopsida,Apiales,Ferula jaeschkeana Vatke,2026-08-25,GBIF species list 0035702-260806074905277 + WCVP UZB tarqalish
Heracleum dissectum Ledeb.,Apiaceae,Heracleum,Magnoliopsida,Apiales,Heracleum dissectum Ledeb.,2026-08-25,GBIF species list 0035702-260806074905277 + WCVP UZB tarqalish
Neogaya simplex (L.) Meisn.,Apiaceae,Pachypleurum,Magnoliopsida,Apiales,Pachypleurum mutellinoides (Crantz) Holub,2026-08-25,GBIF species list 0035702-260806074905277 + WCVP UZB tarqalish
Seseli talassicum (Korovin) Pimenov & Sdobnina,Apiaceae,Seseli,Magnoliopsida,Apiales,Seseli talassicum (Korovin) Pimenov & Sdobnina,2026-08-25,GBIF species list 0035702-260806074905277 + WCVP UZB tarqalish
Achillea tenuifolia Lam.,Asteraceae,Achillea,Magnoliopsida,Asterales,Achillea tenuifolia Lam.,2026-08-25,GBIF species list 0035702-260806074905277 + WCVP UZB tarqalish
Allardia stoliczkae C.B.Clarke,Asteraceae,Allardia,Magnoliopsida,Asterales,Allardia stoliczkae C.B.Clarke,2026-08-25,GBIF species list 0035702-260806074905277 + WCVP UZB tarqalish
Allardia tridactylites (Kar. & Kir.) Sch.Bip.,Asteraceae,Allardia,Magnoliopsida,Asterales,Allardia tridactylites (Kar. & Kir.) Sch.Bip.,2026-08-25,GBIF species list 0035702-260806074905277 + WCVP UZB tarqalish
Arctium lappa L.,Asteraceae,Arctium,Magnoliopsida,Asterales,Arctium lappa L.,2026-08-25,GBIF species list 0035702-260806074905277 + WCVP UZB tarqalish
Arctium pentacanthum (Regel & Schmalh.) Kuntze,Asteraceae,Arctium,Magnoliopsida,Asterales,Arctium pentacanthum (Regel & Schmalh.) Kuntze,2026-08-25,GBIF species list 0035702-260806074905277 + WCVP UZB tarqalish
Artemisia arenaria DC.,Asteraceae,Artemisia,Magnoliopsida,Asterales,Artemisia arenaria DC.,2026-08-25,GBIF species list 0035702-260806074905277 + WCVP UZB tarqalish
Artemisia gmelinii Weber ex Stechm.,Asteraceae,Artemisia,Magnoliopsida,Asterales,Artemisia gmelinii Weber ex Stechm.,2026-08-25,GBIF species list 0035702-260806074905277 + WCVP UZB tarqalish
Artemisia macrantha Ledeb.,Asteraceae,Artemisia,Magnoliopsida,Asterales,Artemisia macrantha Ledeb.,2026-08-25,GBIF species list 0035702-260806074905277 + WCVP UZB tarqalish
Artemisia pauciflora Weber ex Stechm.,Asteraceae,Artemisia,Magnoliopsida,Asterales,Artemisia pauciflora Weber,2026-08-25,GBIF species list 0035702-260806074905277 + WCVP UZB tarqalish
Aster vvedenskyi Bondarenko,Asteraceae,Aster,Magnoliopsida,Asterales,Aster vvedenskyi Bondarenko,2026-08-25,GBIF species list 0035702-260806074905277 + WCVP UZB tarqalish
Phonus lanatus (L.) Hill,Asteraceae,Carthamus,Magnoliopsida,Asterales,Carthamus lanatus L.,2026-08-25,GBIF species list 0035702-260806074905277 + WCVP UZB tarqalish
Centaurea ugamica Iljin,Asteraceae,Centaurea,Magnoliopsida,Asterales,Centaurea ugamica Iljin,2026-08-25,GBIF species list 0035702-260806074905277 + WCVP UZB tarqalish
Chondrilla juncea L.,Asteraceae,Chondrilla,Magnoliopsida,Asterales,Chondrilla juncea L.,2026-08-25,GBIF species list 0035702-260806074905277 + WCVP UZB tarqalish
Cousinia affinis Schrenk ex Fisch. & C.A.Mey.,Asteraceae,Cousinia,Magnoliopsida,Asterales,Cousinia affinis Schrenk,2026-08-25,GBIF species list 0035702-260806074905277 + WCVP UZB tarqalish
Cousinia decurrens Regel,Asteraceae,Cousinia,Magnoliopsida,Asterales,Cousinia decurrens Regel,2026-08-25,GBIF species list 0035702-260806074905277 + WCVP UZB tarqalish
Lepidolopha mogoltavica (Krasch.) Krasch.,Asteraceae,Lepidolopha,Magnoliopsida,Asterales,Lepidolopha mogoltavica (Krasch.) Krasch.,2026-08-25,GBIF species list 0035702-260806074905277 + WCVP UZB tarqalish
"Takhtajaniantha tau-saghyz (Lipsch. & G.G.Bosse) Zaika, Sukhor. & N.Kilian",Asteraceae,Takhtajaniantha,Magnoliopsida,Asterales,"Takhtajaniantha tau-saghyz (Lipsch. & Bosse) Zaika, Sukhor. & N.Kilian",2026-08-25,GBIF species list 0035702-260806074905277 + WCVP UZB tarqalish
Tanacetopsis setacea (Regel & Schmalh.) Kovalevsk.,Asteraceae,Tanacetopsis,Magnoliopsida,Asterales,Tanacetopsis setacea (Regel & Schmalh.) Kovalevsk.,2026-08-25,GBIF species list 0035702-260806074905277 + WCVP UZB tarqalish
Tanacetum hissaricum (Krasch.) K.Bremer & Humphries,Asteraceae,Tanacetum,Magnoliopsida,Asterales,Tanacetum hissaricum (Krasch.) K.Bremer & Humphries,2026-08-25,GBIF species list 0035702-260806074905277 + WCVP UZB tarqalish
Tibetiodes flaccida (Bunge) G.L.Nesom,Asteraceae,Tibetiodes,Magnoliopsida,Asterales,Tibetiodes flaccida (Bunge) G.L.Nesom,2026-08-25,GBIF species list 0035702-260806074905277 + WCVP UZB tarqalish
Tragopogon montanus S.A.Nikitin,Asteraceae,Tragopogon,Magnoliopsida,Asterales,Tragopogon montanus S.A.Nikitin,2026-08-25,GBIF species list 0035702-260806074905277 + WCVP UZB tarqalish
Berberis vulgaris L.,Berberidaceae,Berberis,Magnoliopsida,Ranunculales,Berberis vulgaris L.,2026-08-25,GBIF species list 0035702-260806074905277 + WCVP UZB tarqalish
Betula microphylla Bunge,Betulaceae,Betula,Magnoliopsida,Fagales,Betula microphylla Bunge,2026-08-25,GBIF species list 0035702-260806074905277 + WCVP UZB tarqalish
Arnebia guttata Bunge,Boraginaceae,Arnebia,Magnoliopsida,Boraginales,Arnebia guttata Bunge,2026-08-25,GBIF species list 0035702-260806074905277 + WCVP UZB tarqalish
Lappula marginata (M.Bieb.) Gürke,Boraginaceae,Lappula,Magnoliopsida,Boraginales,Lappula marginata (M.Bieb.) Gürke,2026-08-25,GBIF species list 0035702-260806074905277 + WCVP UZB tarqalish
Myosotis laxa Lehm.,Boraginaceae,Myosotis,Magnoliopsida,Boraginales,Myosotis laxa Lehm.,2026-08-25,GBIF species list 0035702-260806074905277 + WCVP UZB tarqalish
Myosotis stricta Link ex Roem. & Schult.,Boraginaceae,Myosotis,Magnoliopsida,Boraginales,Myosotis stricta Link ex Roem. & Schult.,2026-08-25,GBIF species list 0035702-260806074905277 + WCVP UZB tarqalish
Alyssum alyssoides (L.) L.,Brassicaceae,Alyssum,Magnoliopsida,Capparales,Alyssum alyssoides (L.) L.,2026-08-25,GBIF species list 0035702-260806074905277 + WCVP UZB tarqalish
Barbarea arcuata (Opiz ex J.Presl & C.Presl) Rchb.,Brassicaceae,Barbarea,Magnoliopsida,Capparales,Barbarea arcuata (Opiz ex J.Presl & C.Presl) Rchb.,2026-08-25,GBIF species list 0035702-260806074905277 + WCVP UZB tarqalish
Lepidium lacerum C.A.Mey.,Brassicaceae,Lepidium,Magnoliopsida,Capparales,Lepidium lacerum C.A.Mey.,2026-08-25,GBIF species list 0035702-260806074905277 + WCVP UZB tarqalish
Matthiola integrifolia Kom.,Brassicaceae,Matthiola,Magnoliopsida,Capparales,Matthiola integrifolia Kom.,2026-08-25,GBIF species list 0035702-260806074905277 + WCVP UZB tarqalish
Parrya turkestanica (Korsh.) N.Busch,Brassicaceae,Parrya,Magnoliopsida,Capparales,Parrya turkestanica (Korsh.) N.Busch,2026-08-25,GBIF species list 0035702-260806074905277 + WCVP UZB tarqalish
Rorippa × armoracioides (Tausch) Fuss,Brassicaceae,Rorippa,Magnoliopsida,Capparales,Rorippa × armoracioides (Tausch) Fuss,2026-08-25,GBIF species list 0035702-260806074905277 + WCVP UZB tarqalish
Codonopsis ovata Benth.,Campanulaceae,Codonopsis,Magnoliopsida,Asterales,Codonopsis ovata Benth.,2026-08-25,GBIF species list 0035702-260806074905277 + WCVP UZB tarqalish
Lonicera ruprechtiana Regel,Caprifoliaceae,Lonicera,Magnoliopsida,Dipsacales,Lonicera ruprechtiana Regel,2026-08-25,GBIF species list 0035702-260806074905277 + WCVP UZB tarqalish
Zabelia corymbosa (Regel & Schmalh.) Makino,Caprifoliaceae,Zabelia,Magnoliopsida,Dipsacales,Zabelia corymbosa (Regel & Schmalh.) Makino,2026-08-25,GBIF species list 0035702-260806074905277 + WCVP UZB tarqalish
Acanthophyllum recurvum Regel,Caryophyllaceae,Acanthophyllum,Magnoliopsida,Caryophyllales,Acanthophyllum recurvum Regel,2026-08-25,GBIF species list 0035702-260806074905277 + WCVP UZB tarqalish
Gypsophila bicolor (Freyn & Sint.) Grossh.,Caryophyllaceae,Gypsophila,Magnoliopsida,Caryophyllales,Gypsophila bicolor (Freyn & Sint.) Grossh.,2026-08-25,GBIF species list 0035702-260806074905277 + WCVP UZB tarqalish
Sabulina litwinowii (Schischk.) Dillenb. & Kadereit,Caryophyllaceae,Sabulina,Magnoliopsida,Caryophyllales,Sabulina litwinowii (Schischk.) Dillenb. & Kadereit,2026-08-25,GBIF species list 0035702-260806074905277 + WCVP UZB tarqalish
Silene baldshuanica B.Fedtsch.,Caryophyllaceae,Silene,Magnoliopsida,Caryophyllales,Silene baldshuanica B.Fedtsch.,2026-08-25,GBIF species list 0035702-260806074905277 + WCVP UZB tarqalish
Juniperus communis L.,Cupressaceae,Juniperus,Pinopsida,Cupressales,Juniperus communis L.,2026-08-25,GBIF species list 0035702-260806074905277 + WCVP UZB tarqalish
Bolboschoenus glaucus (Lam.) S.G.Sm.,Cyperaceae,Bolboschoenus,Liliopsida,Poales,Bolboschoenus glaucus (Lam.) S.G.Sm.,2026-08-25,GBIF species list 0035702-260806074905277 + WCVP UZB tarqalish
Carex arcatica Meinsh.,Cyperaceae,Carex,Liliopsida,Poales,Carex arcatica Meinsh.,2026-08-25,GBIF species list 0035702-260806074905277 + WCVP UZB tarqalish
Dryopteris barbigera (Hook.) Kuntze,Dryopteridaceae,Dryopteris,Polypodiopsida,Polypodiales,Dryopteris barbigera (T.Moore ex Hook.) Kuntze,2026-08-25,GBIF species list 0035702-260806074905277 + WCVP UZB tarqalish
Alhagi maurorum Medik.,Fabaceae,Alhagi,Magnoliopsida,Fabales,Alhagi maurorum Medik.,2026-08-25,GBIF species list 0035702-260806074905277 + WCVP UZB tarqalish
Alhagi maurorum var. maurorum,Fabaceae,Alhagi,Magnoliopsida,Fabales,Alhagi maurorum var. maurorum,2026-08-25,GBIF species list 0035702-260806074905277 + WCVP UZB tarqalish
Astragalus austrotadzhikistanicus Czerep.,Fabaceae,Astragalus,Magnoliopsida,Fabales,Astragalus austrotadzhikistanicus Czerep.,2026-08-25,GBIF species list 0035702-260806074905277 + WCVP UZB tarqalish
Astragalus leucocalyx Popov,Fabaceae,Astragalus,Magnoliopsida,Fabales,Astragalus leucocalyx Popov,2026-08-25,GBIF species list 0035702-260806074905277 + WCVP UZB tarqalish
Astragalus ninae Pavlov,Fabaceae,Astragalus,Magnoliopsida,Fabales,Astragalus ninae Pavlov,2026-08-25,GBIF species list 0035702-260806074905277 + WCVP UZB tarqalish
Astragalus pseudoquisqualis Podlech,Fabaceae,Astragalus,Magnoliopsida,Fabales,Astragalus pseudoquisqualis Podlech,2026-08-25,GBIF species list 0035702-260806074905277 + WCVP UZB tarqalish
Astragalus unifoliatus Bunge,Fabaceae,Astragalus,Magnoliopsida,Fabales,Astragalus unifoliatus Bunge,2026-08-25,GBIF species list 0035702-260806074905277 + WCVP UZB tarqalish
Astragalus zerabulaki Popov,Fabaceae,Astragalus,Magnoliopsida,Fabales,Astragalus zerabulaki Popov,2026-08-25,GBIF species list 0035702-260806074905277 + WCVP UZB tarqalish
Hedysarum songaricum Bong.,Fabaceae,Hedysarum,Magnoliopsida,Fabales,Hedysarum songaricum Bong.,2026-08-25,GBIF species list 0035702-260806074905277 + WCVP UZB tarqalish
Hedysarum talassicum Nikitina & Sultanova,Fabaceae,Hedysarum,Magnoliopsida,Fabales,Hedysarum talassicum Nikitina & Sultanova,2026-08-25,GBIF species list 0035702-260806074905277 + WCVP UZB tarqalish
Medicago rigiduloides E.Small,Fabaceae,Medicago,Magnoliopsida,Fabales,Medicago rigiduloides E.Small,2026-08-25,GBIF species list 0035702-260806074905277 + WCVP UZB tarqalish
Oxytropis lapponica (Wahlenb.) J.Gay,Fabaceae,Oxytropis,Magnoliopsida,Fabales,Oxytropis lapponica (Wahlenb.) J.Gay,2026-08-25,GBIF species list 0035702-260806074905277 + WCVP UZB tarqalish
Oxytropis ovczinnikovii Abdusal.,Fabaceae,Oxytropis,Magnoliopsida,Fabales,Oxytropis ovczinnikovii Abdusal.,2026-08-25,GBIF species list 0035702-260806074905277 + WCVP UZB tarqalish
Oxytropis trajectorum B.Fedtsch.,Fabaceae,Oxytropis,Magnoliopsida,Fabales,Oxytropis trajectorum B.Fedtsch.,2026-08-25,GBIF species list 0035702-260806074905277 + WCVP UZB tarqalish
Sophora mollis subsp. griffithii (Stocks) Ali,Fabaceae,Sophora,Magnoliopsida,Fabales,Sophora mollis subsp. griffithii (Stocks) Ali,2026-08-25,GBIF species list 0035702-260806074905277 + WCVP UZB tarqalish
Sophora songarica Schrenk,Fabaceae,Sophora,Magnoliopsida,Fabales,Sophora songarica Schrenk,2026-08-25,GBIF species list 0035702-260806074905277 + WCVP UZB tarqalish
Vicia johannis Tamamsch.,Fabaceae,Vicia,Magnoliopsida,Fabales,Vicia johannis Tamamsch.,2026-08-25,GBIF species list 0035702-260806074905277 + WCVP UZB tarqalish
Gentiana olgae Regel & Schmalh.,Gentianaceae,Gentiana,Magnoliopsida,Gentianales,Gentiana olgae Regel ex Schmalh.,2026-08-25,GBIF species list 0035702-260806074905277 + WCVP UZB tarqalish
Geranium rectum Trautv.,Geraniaceae,Geranium,Magnoliopsida,Geraniales,Geranium rectum Trautv.,2026-08-25,GBIF species list 0035702-260806074905277 + WCVP UZB tarqalish
Najas major All.,Hydrocharitaceae,Najas,Liliopsida,Alismatales,Najas major All.,2026-08-25,GBIF species list 0035702-260806074905277 + WCVP UZB tarqalish
Hypericum apiculatum (N.Robson) Sennikov,Hypericaceae,Hypericum,Magnoliopsida,Malpighiales,Hypericum apiculatum (N.Robson) Sennikov,2026-08-25,GBIF species list 0035702-260806074905277 + WCVP UZB tarqalish
Iris darwasica Regel,Iridaceae,Iris,Liliopsida,Asparagales,Iris darwasica Regel,2026-08-25,GBIF species list 0035702-260806074905277 + WCVP UZB tarqalish
Juncus soranthus Schrenk,Juncaceae,Juncus,Liliopsida,Poales,Juncus soranthus Schrenk,2026-08-25,GBIF species list 0035702-260806074905277 + WCVP UZB tarqalish
Marrubium vulgare L.,Lamiaceae,Marrubium,Magnoliopsida,Lamiales,Marrubium vulgare L.,2026-08-25,GBIF species list 0035702-260806074905277 + WCVP UZB tarqalish
Phlomoides molucelloides (Bunge) Salmaki,Lamiaceae,Phlomoides,Magnoliopsida,Lamiales,Phlomoides molucelloides (Bunge) Salmaki,2026-08-25,GBIF species list 0035702-260806074905277 + WCVP UZB tarqalish
Phlomoides stellata Lazkov,Lamiaceae,Phlomoides,Magnoliopsida,Lamiales,Phlomoides stellata Lazkov,2026-08-25,GBIF species list 0035702-260806074905277 + WCVP UZB tarqalish
Scutellaria kuramensis M.N.Abdull. & I.I.Malzev,Lamiaceae,Scutellaria,Magnoliopsida,Lamiales,Scutellaria kuramensis M.N.Abdull. & I.I.Malzev,2026-08-25,GBIF species list 0035702-260806074905277 + WCVP UZB tarqalish
Stachys turkestanica (Regel) Popov ex Knorring,Lamiaceae,Stachys,Magnoliopsida,Lamiales,Stachys turkestanica (Regel) Popov ex Knorring,2026-08-25,GBIF species list 0035702-260806074905277 + WCVP UZB tarqalish
Fritillaria baisunensis Rukšāns,Liliaceae,Fritillaria,Liliopsida,Liliales,Fritillaria baisunensis Rukšāns,2026-08-25,GBIF species list 0035702-260806074905277 + WCVP UZB tarqalish
Gagea humicola Levichev,Liliaceae,Gagea,Liliopsida,Liliales,Gagea humicola Levichev,2026-08-25,GBIF species list 0035702-260806074905277 + WCVP UZB tarqalish
Gagea pakistanica Levichev & Ali,Liliaceae,Gagea,Liliopsida,Liliales,Gagea pakistanica Levichev & Ali,2026-08-25,GBIF species list 0035702-260806074905277 + WCVP UZB tarqalish
Gagea wallichii Levichev & Ali,Liliaceae,Gagea,Liliopsida,Liliales,Gagea wallichii Levichev & Ali,2026-08-25,GBIF species list 0035702-260806074905277 + WCVP UZB tarqalish
Tulipa linifolia Regel,Liliaceae,Tulipa,Liliopsida,Liliales,Tulipa linifolia Regel,2026-08-25,GBIF species list 0035702-260806074905277 + WCVP UZB tarqalish
Tulipa × tschimganica Botschantz.,Liliaceae,Tulipa,Liliopsida,Liliales,Tulipa × tschimganica Botschantz.,2026-08-25,GBIF species list 0035702-260806074905277 + WCVP UZB tarqalish
"Anacamptis palustris (Jacq.) R.M.Bateman, Pridgeon & M.W.Chase",Orchidaceae,Anacamptis,Liliopsida,Asparagales,"Anacamptis palustris (Jacq.) R.M.Bateman, Pridgeon & M.W.Chase",2026-08-25,GBIF species list 0035702-260806074905277 + WCVP UZB tarqalish
Orobanche cumana Wallr.,Orobanchaceae,Orobanche,Magnoliopsida,Lamiales,Orobanche cumana Wallr.,2026-08-25,GBIF species list 0035702-260806074905277 + WCVP UZB tarqalish
Paeonia intermedia C.A.Mey.,Paeoniaceae,Paeonia,Magnoliopsida,Saxifragales,Paeonia intermedia C.A.Mey. ex Ledeb.,2026-08-25,GBIF species list 0035702-260806074905277 + WCVP UZB tarqalish
Plantago griffithii Decne.,Plantaginaceae,Plantago,Magnoliopsida,Lamiales,Plantago griffithii Decne.,2026-08-25,GBIF species list 0035702-260806074905277 + WCVP UZB tarqalish
Veronica pusilla Kotschy ex Boiss.,Plantaginaceae,Veronica,Magnoliopsida,Lamiales,Veronica pusilla Kotschy ex Boiss.,2026-08-25,GBIF species list 0035702-260806074905277 + WCVP UZB tarqalish
Aegilops kotschyi Boiss.,Poaceae,Aegilops,Liliopsida,Poales,Aegilops kotschyi Boiss.,2026-08-25,GBIF species list 0035702-260806074905277 + WCVP UZB tarqalish
Agropyron desertorum (Fisch. ex Link) Schult.,Poaceae,Agropyron,Liliopsida,Poales,Agropyron desertorum (Fisch. ex Link) Schult.,2026-08-25,GBIF species list 0035702-260806074905277 + WCVP UZB tarqalish
Alopecurus aequalis Sobol.,Poaceae,Alopecurus,Liliopsida,Poales,Alopecurus aequalis Sobol.,2026-08-25,GBIF species list 0035702-260806074905277 + WCVP UZB tarqalish
Bromus hordeaceus L.,Poaceae,Bromus,Liliopsida,Poales,Bromus hordeaceus L.,2026-08-25,GBIF species list 0035702-260806074905277 + WCVP UZB tarqalish
Elymus abolinii (Drobow) Tzvelev,Poaceae,Elymus,Liliopsida,Poales,Elymus abolinii (Drobow) Tzvelev,2026-08-25,GBIF species list 0035702-260806074905277 + WCVP UZB tarqalish
Festuca pulchra Schur,Poaceae,Festuca,Liliopsida,Poales,Festuca pulchra Schur,2026-08-25,GBIF species list 0035702-260806074905277 + WCVP UZB tarqalish
Koeleria macrantha (Ledeb.) Schult.,Poaceae,Koeleria,Liliopsida,Poales,Koeleria macrantha (Ledeb.) Schult.,2026-08-25,GBIF species list 0035702-260806074905277 + WCVP UZB tarqalish
Koeleria macrantha subsp. macrantha,Poaceae,Koeleria,Liliopsida,Poales,Koeleria macrantha subsp. macrantha,2026-08-25,GBIF species list 0035702-260806074905277 + WCVP UZB tarqalish
Leymus paboanus (Claus) Pilg.,Poaceae,Leymus,Liliopsida,Poales,Leymus paboanus (Claus) Pilg.,2026-08-25,GBIF species list 0035702-260806074905277 + WCVP UZB tarqalish
Poa alberti Regel,Poaceae,Poa,Liliopsida,Poales,Poa alberti Regel,2026-08-25,GBIF species list 0035702-260806074905277 + WCVP UZB tarqalish
Poa araratica Trautv.,Poaceae,Poa,Liliopsida,Poales,Poa araratica Trautv.,2026-08-25,GBIF species list 0035702-260806074905277 + WCVP UZB tarqalish
Psathyrostachys juncea (Fisch.) Nevski,Poaceae,Psathyrostachys,Liliopsida,Poales,Psathyrostachys juncea (Fisch.) Nevski,2026-08-25,GBIF species list 0035702-260806074905277 + WCVP UZB tarqalish
Puccinellia gigantea (Grossh.) Grossh.,Poaceae,Puccinellia,Liliopsida,Poales,Puccinellia gigantea (Grossh.) Grossh.,2026-08-25,GBIF species list 0035702-260806074905277 + WCVP UZB tarqalish
Puccinellia nudiflora (Hack.) Tzvelev,Poaceae,Puccinellia,Liliopsida,Poales,Puccinellia nudiflora (Hack.) Tzvelev,2026-08-25,GBIF species list 0035702-260806074905277 + WCVP UZB tarqalish
Stipa longiplumosa Roshev.,Poaceae,Stipa,Liliopsida,Poales,Stipa longiplumosa Roshev.,2026-08-25,GBIF species list 0035702-260806074905277 + WCVP UZB tarqalish
Atraphaxis frutescens (L.) K.Koch,Polygonaceae,Atraphaxis,Magnoliopsida,Caryophyllales,Atraphaxis frutescens (L.) Eversm.,2026-08-25,GBIF species list 0035702-260806074905277 + WCVP UZB tarqalish
Calligonum santoanum Korovin,Polygonaceae,Calligonum,Magnoliopsida,Caryophyllales,Calligonum santoanum Korovin,2026-08-25,GBIF species list 0035702-260806074905277 + WCVP UZB tarqalish
Persicaria maculosa Gray,Polygonaceae,Persicaria,Magnoliopsida,Caryophyllales,Persicaria maculosa Gray,2026-08-25,GBIF species list 0035702-260806074905277 + WCVP UZB tarqalish
Polygonum equisetiforme Sm.,Polygonaceae,Polygonum,Magnoliopsida,Caryophyllales,Polygonum equisetiforme Sm.,2026-08-25,GBIF species list 0035702-260806074905277 + WCVP UZB tarqalish
Rumex aquaticus L.,Polygonaceae,Rumex,Magnoliopsida,Caryophyllales,Rumex aquaticus L.,2026-08-25,GBIF species list 0035702-260806074905277 + WCVP UZB tarqalish
Rumex stenophyllus Ledeb.,Polygonaceae,Rumex,Magnoliopsida,Caryophyllales,Rumex stenophyllus Ledeb.,2026-08-25,GBIF species list 0035702-260806074905277 + WCVP UZB tarqalish
Androsace fedtschenkoi Ovcz.,Primulaceae,Androsace,Magnoliopsida,Ericales,Androsace fedtschenkoi Ovcz.,2026-08-25,GBIF species list 0035702-260806074905277 + WCVP UZB tarqalish
Androsace lactiflora Fisch. ex Willd.,Primulaceae,Androsace,Magnoliopsida,Ericales,Androsace lactiflora Fisch. ex Willd.,2026-08-25,GBIF species list 0035702-260806074905277 + WCVP UZB tarqalish
Primula pskemensis Lazkov,Primulaceae,Primula,Magnoliopsida,Ericales,Primula pskemensis Lazkov,2026-08-25,GBIF species list 0035702-260806074905277 + WCVP UZB tarqalish
Adonis scrobiculata Boiss.,Ranunculaceae,Adonis,Magnoliopsida,Ranunculales,Adonis scrobiculata Boiss.,2026-08-25,GBIF species list 0035702-260806074905277 + WCVP UZB tarqalish
Aquilegia karelinii (Baker) O.Fedtsch. & B.Fedtsch.,Ranunculaceae,Aquilegia,Magnoliopsida,Ranunculales,Aquilegia karelinii (Baker) O.Fedtsch. & B.Fedtsch.,2026-08-25,GBIF species list 0035702-260806074905277 + WCVP UZB tarqalish
Clematis hilariae Kovalevsk.,Ranunculaceae,Clematis,Magnoliopsida,Ranunculales,Clematis hilariae Kovalevsk.,2026-08-25,GBIF species list 0035702-260806074905277 + WCVP UZB tarqalish
Paraquilegia anemonoides (Willd.) Ulbr.,Ranunculaceae,Paraquilegia,Magnoliopsida,Ranunculales,Paraquilegia anemonoides (Willd.) Ulbr.,2026-08-25,GBIF species list 0035702-260806074905277 + WCVP UZB tarqalish
Ranunculus aureopetalus Kom.,Ranunculaceae,Ranunculus,Magnoliopsida,Ranunculales,Ranunculus aureopetalus Kom.,2026-08-25,GBIF species list 0035702-260806074905277 + WCVP UZB tarqalish
Ranunculus czimganicus Ovcz.,Ranunculaceae,Ranunculus,Magnoliopsida,Ranunculales,Ranunculus czimganicus Ovcz.,2026-08-25,GBIF species list 0035702-260806074905277 + WCVP UZB tarqalish
Ranunculus mogoltavicus (Popov) Ovcz.,Ranunculaceae,Ranunculus,Magnoliopsida,Ranunculales,Ranunculus mogoltavicus (Popov) Ovcz.,2026-08-25,GBIF species list 0035702-260806074905277 + WCVP UZB tarqalish
Ranunculus pseudohirculus Schrenk,Ranunculaceae,Ranunculus,Magnoliopsida,Ranunculales,Ranunculus pseudohirculus Schrenk ex L.Fisch. & C.A.Mey.,2026-08-25,GBIF species list 0035702-260806074905277 + WCVP UZB tarqalish
Ranunculus vvedenskyi Ovcz.,Ranunculaceae,Ranunculus,Magnoliopsida,Ranunculales,Ranunculus vvedenskyi Ovcz.,2026-08-25,GBIF species list 0035702-260806074905277 + WCVP UZB tarqalish
Trollius lilacinus Bunge,Ranunculaceae,Trollius,Magnoliopsida,Ranunculales,Trollius lilacinus Bunge,2026-08-25,GBIF species list 0035702-260806074905277 + WCVP UZB tarqalish
Paliurus spina-christi Mill.,Rhamnaceae,Paliurus,Magnoliopsida,Rosales,Paliurus spina-christi Mill.,2026-08-25,GBIF species list 0035702-260806074905277 + WCVP UZB tarqalish
Cotoneaster racemiflorus (Desf.) Schltdl.,Rosaceae,Cotoneaster,Magnoliopsida,Rosales,Cotoneaster racemiflorus (Desf.) K.Koch,2026-08-25,GBIF species list 0035702-260806074905277 + WCVP UZB tarqalish
Potentilla biflora D.F.K.Schltdl.,Rosaceae,Potentilla,Magnoliopsida,Rosales,Potentilla biflora D.F.K.Schltdl.,2026-08-25,GBIF species list 0035702-260806074905277 + WCVP UZB tarqalish
Prunus × saviczii (Pachom.) Eisenman,Rosaceae,Prunus,Magnoliopsida,Rosales,Prunus × saviczii (Pachom.) Eisenman,2026-08-25,GBIF species list 0035702-260806074905277 + WCVP UZB tarqalish
Salix caesia Vill.,Salicaceae,Salix,Magnoliopsida,Malpighiales,Salix caesia Vill.,2026-08-25,GBIF species list 0035702-260806074905277 + WCVP UZB tarqalish
Salix excelsa S.G.Gmel.,Salicaceae,Salix,Magnoliopsida,Malpighiales,Salix excelsa J.F.Gmel.,2026-08-25,GBIF species list 0035702-260806074905277 + WCVP UZB tarqalish
Scrophularia talassica Tzag.,Scrophulariaceae,Scrophularia,Magnoliopsida,Lamiales,Scrophularia talassica Tzag.,2026-08-25,GBIF species list 0035702-260806074905277 + WCVP UZB tarqalish
Typha domingensis Pers.,Typhaceae,Typha,Liliopsida,Poales,Typha domingensis Pers.,2026-08-25,GBIF species list 0035702-260806074905277 + WCVP UZB tarqalish
