lotincha_nom,qoraqalpoqcha_nom,manba
Abutilon theophrasti Medik.,"бесбидай, бесбийдай, жин бийдай",Ережепов 1978 + Шербаев 1988
Acanthophyllum borszczowii Litv.,"козыткен, шынышап",Ережепов 1978 + Шербаев 1988
Acanthophyllum korolkovii Rgl. et Schmalh.,козыткен,Ережепов 1978
Acanthophyllum krascheninnikovii Schischk.,козыткен,Ережепов 1978
Achnatherum splendens (Trin.) Nevski,жезши,Ережепов 1978
Acroptilon repens (L.) DC.,кекре,Ережепов 1978
Aellenia subaphylla (C. A. Mey.) Aell.,чогон,Ережепов 1978
Aeluropus lagopoides (L.) Trin.,"ажрык, ажырык",Ережепов 1978 + Шербаев 1988
Aeluropus littoralis (Gouan) Parl.,"ажрык, ажырык",Ережепов 1978 + Шербаев 1988
Aeluropus repens (Desf.) Parl.,ажрык,Ережепов 1978
Agropyron desertorum (Fisch. ex Link) Schult.,"бидаык, бийдайык",Ережепов 1978 + Шербаев 1988
Agropyron fragile (Roth.) Nevski,"бидаык, бийдайык",Ережепов 1978 + Шербаев 1988
Alcea rosea L.,гулкайры,Шербаев 1988
Alhagi canescens Shap.,жантак,Ережепов 1978
Alhagi persarum Boiss. et Buhse,жантак,Ережепов 1978
Alhagi pseudalhagi (Bieb.) Desv.,жантак,Ережепов 1978
Alhagi sparsifolia Shap.,жантак,Ережепов 1978
Allium baissunense Lipsky,"ирижуа, таупияз",Ережепов 1978
Allium borszczowii Rgl.,"жуа, жууа",Ережепов 1978 + Шербаев 1988
Allium bucharicum Rgl.,"жуа, жууа",Ережепов 1978 + Шербаев 1988
Allium caeruleum Pall.,жууа,Шербаев 1988
Allium caspium (Pall.) Bieb.,жууа,Шербаев 1988
Allium cepa L.,пияз,Шербаев 1988
Allium coeruleum Pall.,жуа,Ережепов 1978
Allium sabulosum Stev.,жуа,Ережепов 1978
Allium stephanophorum Vved.,жуа,Ережепов 1978
Ammodendron conollyi Bunge,коянсуйек,Ережепов 1978
Ammodendron floribundum Zing.,коянсуйек,Ережепов 1978
Ammodendron karelinii Fisch. et Mey.,коянсуйек,Ережепов 1978
Ammodendron longiracemosum Raik.,коянсуйек,Ережепов 1978
Ammolirion inderiense (Bieb.) Rgl.,ширеш,Ережепов 1978
Anabasis aphylla L.,итсигек,Ережепов 1978 + Шербаев 1988
Anabasis eriopoda (Schrenk) Benth. ex Volkens,"кыркбуын, кырксадак",Ережепов 1978 + Шербаев 1988
Anabasis salsa (C. A. Mey.) Benth. ex Volkens,"биургун, бюргун",Ережепов 1978 + Шербаев 1988
Anisantha tectorum Nevski,жалтырбас,Ережепов 1978
Apocynum scabrum Russan.,кызыл кендир,Шербаев 1988
Arctium leiospermum Juz.,жапрак,Ережепов 1978
Argusia sibirica (L.) Dandy,тасбака жууери,Шербаев 1988
Aristida plumosa L.,селеу,Ережепов 1978
Arnebia decumbens (Vent.) Coss. et Kral.,кзылтамыр,Ережепов 1978
Artemisia diffusa Krasch.,акжусан,Ережепов 1978
Artemisia scoparia Waldst. et Kit.,курай,Ережепов 1978
Artemisia terrae-albae Krasch.,"акжусан, томаржусан, ак жуусан",Ережепов 1978 + Шербаев 1988
Artemisia tournefortiana Reichb.,курай,Ережепов 1978
Artemisia turanica Krasch.,каражусан,Ережепов 1978
Artemisia vulgaris L.,"курай, сасыккурай",Ережепов 1978
Astragalus ammodendron Bunge,сингрен,Ережепов 1978
Astragalus filicaulis Fisch. et Mey,жабайыжонгрышка,Ережепов 1978
Astragalus paucijugus C. A. Mey.,сингрен,Ережепов 1978
Astragalus unifolialatus Bunge,"акблек, сингрен",Ережепов 1978
Astragalus villosissimus Bunge,сингрен,Ережепов 1978
Atriplex amblyostegia Turcz.,алабута,Ережепов 1978
Atriplex dimorphostegia Kar. et Kir.,алабута,Ережепов 1978
Atriplex flabellum Bunge,алабута,Ережепов 1978
Atriplex moneta Bunge,алабута,Ережепов 1978
Atriplex nitens Schkuhr.,"алабута, алапута",Ережепов 1978 + Шербаев 1988
Bolboschoenus compactus (Hoffm.) Drob.,"караоленг, донгызоленг",Ережепов 1978
Bolboschoenus maritimus (L.) Palla,донызолен,Шербаев 1988
Bolboschoenus strobilinus (Roxb) V. Krecz.,караоленг,Ережепов 1978
Borszczowia aralocaspica Bunge,бозанг,Ережепов 1978
Brassica rapa L.,турпи,Шербаев 1988
Bromopsis inermis (Leyss.) Holule,конгырбас,Ережепов 1978
Bromus danthoniae Trin.,жалтырбас,Ережепов 1978
Calamagrostis epigeios (L.) Roth.,"урык, кокурык, кок урык",Ережепов 1978 + Шербаев 1988
Calamagrostis pseudophragmites (Hall. f.) Kocl.,урык,Ережепов 1978 + Шербаев 1988
Calendula officinalis L.,тырнакшагул,Шербаев 1988
Calligonum acanthopterum Borszcz.,"жузгун, кандым",Ережепов 1978
Calligonum aphyllum (Pall.) Gurke,"кзылжузгун, кызыл жузгин",Ережепов 1978 + Шербаев 1988
Calligonum aralense Borszcz.,жузгун,Ережепов 1978
Calligonum arborescens Litv.,"акжузгун, аккандым",Ережепов 1978
Calligonum borszczowii Litv.,жузгун,Ережепов 1978
Calligonum caputi-medusae Schrenk,"кзылжузгун, кзылкандым",Ережепов 1978
Calligonum colubrinum Borszcz.,жузгун,Ережепов 1978
Calligonum densum Borszcz.,жузгун,Ережепов 1978
Calligonum dubjanskyi Litv.,жузгун,Ережепов 1978
Calligonum erinaceum Borszcz.,жузгун,Ережепов 1978
Calligonum eriopodum Bunge.,жузгун,Ережепов 1978
Calligonum junceum (Fisch. et Mey.) Litv.,жузгун,Ережепов 1978
Calligonum leucocladum (Schrenk.) Bunge,акжузгун,Ережепов 1978
Calligonum litvinovii Drob.,жузгун,Ережепов 1978
Calligonum macrocarpum Borszcz.,жузгун,Ережепов 1978
Calligonum membranaceum Litv.,жузгун,Ережепов 1978
Calligonum minimum Lipsky,жузгун,Ережепов 1978
Calligonum murex Bunge,жузгун,Ережепов 1978
Calligonum patens Litv.,жузгун,Ережепов 1978
Calligonum platyacanthum Borszcz.,жузгун,Ережепов 1978
Calligonum rigidum Litv.,жузгун,Ережепов 1978
Calligonum rotula Borscz.,жузгун,Ережепов 1978
Calligonum rubescens Mattei,жузгун,Ережепов 1978
Calligonum squarrosum Pavl.,жузгун,Ережепов 1978
Calligonum tetrapterum Jaub. et Spach.,жузгун,Ережепов 1978
Calligonum triste Litv.,жузгун,Ережепов 1978
Calligonum undulatum Litv.,жузгун,Ережепов 1978
Cannabis ruderalis Janisch.,"жабайыкендир, жабайы кендир",Ережепов 1978 + Шербаев 1988
Cannabis sativa L.,егис кендири,Шербаев 1988
Capparis herbacea Willd.,геуил,Шербаев 1988
Capparis ovata Desf.,геул,Ережепов 1978
Capparis rosanoviana B. Fedtsch.,геул,Ережепов 1978
Capsella bursa-pastoris (L.) Medik.,шопандорба,Ережепов 1978
Carex pachystylis J. Gay.,ранг,Ережепов 1978
Carex physodes Bieb.,ранг,Ережепов 1978
Celosia cristata L.,тэжикоразгул,Шербаев 1988
Centaurea squarrosa Willd.,кекре,Ережепов 1978
Ceratocarpus arenarius L.,ебелек,Ережепов 1978
Ceratocarpus utriculosus Bluk.,ебелек,Ережепов 1978
Ceratocephala falcata (L.) Pers.,штыр,Ережепов 1978
Ceratocephala testiculata (Crantz) Roth,штыр,Ережепов 1978
Ceratoides eversmanniana Stschegl ex Losinsk.,терескен,Ережепов 1978
Ceratoides fruticulosa Pazij,терескен,Ережепов 1978
Ceratophyllum demersum L.,шаланг,Ережепов 1978
Ceratophyllum submersum L.,шаланг,Ережепов 1978
Chenopodium album L.,"аксора, ак сора",Ережепов 1978 + Шербаев 1988
Chenopodium filicifolium Smith,сора,Ережепов 1978
Chenopodium glaucum L.,сора,Ережепов 1978
Chenopodium murale L.,сора,Ережепов 1978
Chenopodium rubrum L.,кзылсора,Ережепов 1978
Chenopodium strictum Roth.,сора,Ережепов 1978
Chorispora tenella (Pall.) DC.,шытыр,Ережепов 1978
Cichorium intybus L.,шашраткы,Ережепов 1978
Cirsium ochrolepideum Juz.,калуен,Ережепов 1978
Clematis orientalis L.,тунесингир,Ережепов 1978
Climacoptera affinis (C. A. Mey) Betsch.,коянжун,Ережепов 1978
Climacoptera brachiata (Pall.) Botsch.,"торгайот, торгай оты",Ережепов 1978 + Шербаев 1988
Climacoptera ferganica (Drob.) Botsch.,балыккоз,Ережепов 1978
Climacoptera lanata (Pall.) Botsch.,балыккоз,Ережепов 1978 + Шербаев 1988
Climacoptera transoxana Botsch.,балыккоз,Ережепов 1978
Climacoptera turcomanica (Litv.) Botsch.,балыккоз,Ережепов 1978
Convolvulus arvensis L.,"пашек, койпашек",Ережепов 1978
Convolvulus fruticosus Pall.,кусконбас,Ережепов 1978 + Шербаев 1988
Convolvulus hamadae (Vved.) V. Petr.,партек,Ережепов 1978 + Шербаев 1988
Corispermum lehmannianum Bunge,кумтары,Шербаев 1988
Crambe kotschyana Boiss.,катран,Ережепов 1978
Cryptodiscus ammophilus Bunge,аклыкара,Ережепов 1978
Cucurbita maxima Duch.,карааскабак,Шербаев 1988
Cucurbita moschata (Duch.) Poir.,палаукабак,Шербаев 1988
Cucurbita pepo L.,аскабак,Шербаев 1988
Cucurbita turbaniformis (M.Roem.) Vass.,сэлле кабак,Шербаев 1988
Cuscuta breviflora Vis.,"сарышоп, мерезшоп",Ережепов 1978
Cuscuta campestris Yunck.,"сарышоп, мерезшоп",Ережепов 1978
Cuscuta chinensis Lam.,"сарышоп, мерезшоп",Ережепов 1978
Cuscuta lehmanniana Bunge,"жоргемис, сарышоп",Ережепов 1978
Cuscuta monogyna Vahl.,"жоргемис, сарышоп",Ережепов 1978
Cuscuta pedicellata Ledeb.,"сарышоп, мерезшоп",Ережепов 1978
Cuscuta pellucida Butk.,сарышоп,Ережепов 1978
Cuscuta stapfiana Palib.,сарышоп,Ережепов 1978
Cynanchum acutum L. ssp. sibiricum Willd.,"сутлемек, сутлимек, атшокай",Ережепов 1978 + Шербаев 1988
Cynodon dactylon (L.) Pers.,кара-ажрык,Ережепов 1978
Cyperus glomeratus L.,жекен,Ережепов 1978
Cyperus rotundus L.,"атшокай, донгызоленг",Ережепов 1978
Datura stramonium L.,"бангидуана, бандууана",Ережепов 1978 + Шербаев 1988
Daucus carota L.,жабайы гешир,Шербаев 1988
Daucus sativis (Hoffm.) Rochl.,егис гешир,Шербаев 1988
Delphinium camptocarpum Fisch. et Mey. ex Ledeb.,кутантумсык,Ережепов 1978
Delphinium inopinatum Nevski,кутантумсык,Ережепов 1978
Delphinium songoricum Nevski,кутантумсык,Ережепов 1978
Dendrostellera arenaria Pobed.,усихо,Ережепов 1978
Dendrostellera macrorhachis Pobed.,усихо,Ережепов 1978
Descurainia sophia (L.) Webb ex Prantl,сыйркуйрык,Ережепов 1978
Dodartia orientalis L.,текесакал,Ережепов 1978 + Шербаев 1988
Echinochloa crus-galli (L.) Beauv.,сушигин,Ережепов 1978
Elaeagnus orientalis L.,жийде,Шербаев 1988
Elaeagnus oxycarpa Schlecht.,жигилдик,Шербаев 1988
Elaeagnus turkomanica N. Kozl.,жгилдик,Ережепов 1978
Elytrigia repens (L.) Nevski,бидаык,Ережепов 1978
Eminium lehmannii (Bunge) O. Kuntze,кушала,Ережепов 1978 + Шербаев 1988
Ephedra distachya L.,кзылша,Ережепов 1978
Ephedra equisetina Bunge,кзылша,Ережепов 1978
Ephedra lomatolepis Schrenk.,кзылша,Ережепов 1978
Ephedra przewalskii Stapf,"кзылша, кызылша",Ережепов 1978 + Шербаев 1988
Ephedra strobilaceae Bunge,кзылша,Ережепов 1978
Equisetum ramosissimum Desf.,кыркбуын,Ережепов 1978
Eremopyrum bonaepartis (Spreng.) Neski,арпахан,Шербаев 1988
Eremopyrum buonapartis (Spreng.) Nevski,"мортык, арпахан",Ережепов 1978
Eremopyrum distans (C. Koch) Nevski,арпахан,Ережепов 1978 + Шербаев 1988
Eremopyrum orientale (L.) Jaub. et Spach,"мортык, арпахан",Ережепов 1978 + Шербаев 1988
Eremopyrum triticeum (Gaertn.) Nevski,"мортык, арпахан",Ережепов 1978 + Шербаев 1988
Eremosparton aphyllum (Pall.) Fosch. et Mey.,"сыйркуйрык, сыпыргы, кустумсык",Ережепов 1978 + Шербаев 1988
Eremosparton laccidum Litv.,"сыйркуйрык, сыпыргы",Ережепов 1978
Erianthus ravennae (L.) Beauv.,мыска,Ережепов 1978
Erigeron canadensis L.,курай (сыйркуйрык),Ережепов 1978
Erodium litwinowii Woronow,Лайлек тумсык,Шербаев 1988
Eruca sativa Mill.,иллеу,Ережепов 1978
Euclidium syriacum (L.) R. Br.,"шытыр, каргатырнак",Ережепов 1978
Euphorbia densa Schrenk,козыкулак,Ережепов 1978 + Шербаев 1988
Euphorbia inderiensis Less.,козыкулак,Ережепов 1978
Euphorbia turczaninowii Kar. et Kir.,козыкулак,Ережепов 1978
Fedtschenkoa africana (L.) Dvorak,штыр,Ережепов 1978
Ferula assa-foetida L.,геурек,Ережепов 1978
Ferula dubjanskyi Kor.,жаужамыр,Ережепов 1978
Ferula schair Borszcz.,шаир,Ережепов 1978
Ferula varia (Schrenk) Trautv.,шайыр,Шербаев 1988
Ficus carica L.,хадимги анжир,Шербаев 1988
Fragaria moschata Duch.,кулупнай,Шербаев 1988
Frankenia hirsuta L.,кийик шоп,Шербаев 1988
Gamanthus gamocarpus (Moq.) Bunge,данашур,Ережепов 1978
Girgensohnia oppositiflora (Pall.) Fenzl,бозанг,Ережепов 1978
Glycyrrhiza glabra L.,боян,Ережепов 1978 + Шербаев 1988
Glycyrrhiza zaissanica Serg.,боян,Ережепов 1978
Goebelia alopecuroides (L.) Bunge,сасыкбоян,Ережепов 1978
Gypsophila perfoliata L.,"кангбак, канбак",Ережепов 1978 + Шербаев 1988
Halimocnemis karelinii Moq.,"бзаубас, балкангбак",Ережепов 1978
Halimocnemis latifolia Iljin.,бзаубас,Ережепов 1978
Halimocnemis longifolia Bunge,бзаубас,Ережепов 1978
Halimocnemis sclerosperma (Pall.) C. A. Mey.,"ебелек, кангбак",Ережепов 1978
Halimocnemis villosa Kar. et Kir.,"ебелек, кангбак",Ережепов 1978
Halimodendron halodendron (Pall.) Voss.,"шенгел, менгел",Ережепов 1978 + Шербаев 1988
Halocharis hispida (C. A. Mey.) Bunge,коянжун,Ережепов 1978 + Шербаев 1988
Halocnemum strobilaceum (Pall.) Bieb.,"сарсазан, сарысазан",Ережепов 1978 + Шербаев 1988
Halostachys caspica (Bieb.) C. A. Mey.,карабарак,Ережепов 1978 + Шербаев 1988
Haloxylon ammodendron (C. A. Mey.) Bunge,"кырсексеул, кырсексеуил",Ережепов 1978 + Шербаев 1988
Haloxylon aphyllum (Minkw.) Iljin.,"карасексеул, карасексеуил",Ережепов 1978 + Шербаев 1988
Haloxylon persicum Bunge,"аксеул, сексексеуил",Ережепов 1978 + Шербаев 1988
Haplophyllum ramosissimum (Pauls.) Vved.,"шайшоп, сарсебиз",Ережепов 1978
Heliotropium arguzioides Kar. et Kir.,шайшоп,Ережепов 1978
Horaninovia ulicina Fisch. et Mey.,сары тикен,Шербаев 1988
Horaninowia anomale (C. A. Mey) Moq.,сарыткен,Ережепов 1978
Horaninowia sogdiana Blag.,сарыткен,Ережепов 1978
Hyoscyamus niger L.,мингдуана,Ережепов 1978
Hyoscyamus pusillus L.,мингдуана,Ережепов 1978
Hypecoum pendulum L.,жабайыкокнар,Ережепов 1978
Iris germanica L.,каракас,Шербаев 1988
Iris longiscapa Ledeb.,"назил, нэзил, кемпир шаш",Ережепов 1978 + Шербаев 1988
Isatis violascens Bunge,штыр,Ережепов 1978
Juglans regia L.,"гоза, жангак",Шербаев 1988
Kalidium caspicum (L.) Ung.-Sternb.,штыр,Ережепов 1978
Kalidium foliatum (Pall.) Moq.,туйе сора,Шербаев 1988
Karelinia caspia (Pall.) Less.,акбас,Ережепов 1978 + Шербаев 1988
Kochia prostrata (L.) Schrad.,"изен, изень",Ережепов 1978 + Шербаев 1988
Koelpinia linearis Pall.,"пшыктырнак, каргатырнак, пышыктырнак",Ережепов 1978 + Шербаев 1988
Lagenaria vulgaris Ser.,суу кабак,Шербаев 1988
Lappula spinocarpa (Forsk.) Aschers. ex Kuntze,жабыскакшоп,Ережепов 1978
Lepidium cortilagineum (J. Mayer) Thell.,мынгбас,Ережепов 1978
Lepidium latifolium L.,мынгбас,Ережепов 1978
Lepidium perfoliatum L.,"мынгбас, мынбас",Ережепов 1978 + Шербаев 1988
Leymus angustus (Trin.) Pilg.,кияк,Ережепов 1978
Leymus multicaulis (Kar. et Kir.) Tzvel.,кияк,Ережепов 1978
Leymus racemosus (Lam.) Tzvel.,кияк,Ережепов 1978
Limonium gmelinii (Willd.) O. Kuntze,итсигек,Ережепов 1978
Limonium otolepis (Schrenk.) Kuntze,итсигек,Ережепов 1978
Luffa cylindrica (L.) M.Roem.,дасмалкабак,Шербаев 1988
Lycium ruthenicum Murr.,"актикен, акшенгел, карамык",Ережепов 1978 + Шербаев 1988
Mausolea eriocarpa (Bunge) Poljak.,харем жуусан,Шербаев 1988
Medicago lupulina L.,жабайыжонгыршка,Ережепов 1978
Medicago sativa L.,егис жонышкасы,Шербаев 1988
Melo agrestis (Naud.) Pang.,ийт туинек,Шербаев 1988
Melo dudaim (L.) Sager.,тас туинек,Шербаев 1988
Melo sativus Sager. et M. Roem.,иттуйнек,Ережепов 1978
Melo zard,сары гулабы,Шербаев 1988
Mirabilis jalapa L.,намазшамгул,Шербаев 1988
Morus alba L.,ак тут,Шербаев 1988
Morus nigra L.,каратут,Шербаев 1988
Najas marina L.,шаланг,Ережепов 1978
Nanophyton erinaceum (Pall.) Bunge,тасбшоргун,Шербаев 1988
Nanophyton sibirica (Pall.) Bunge,тасбиургун,Ережепов 1978
Nuphar lutea (L.) Smith,сары тунгыйык,Шербаев 1988
Nymphaea candida J. et C.Presl,ак тунгыйык,Шербаев 1988
Ocimum basilicum L.,назбаигул,Шербаев 1988
Orobanche aegyptiaca Pers.,каунгул,Ережепов 1978
Oryza sativa L.,салы,Шербаев 1988
Panicum miliaceum L.,тары,Шербаев 1988
Papaver pavoninum Schrenk,"жабайыкокнаркызгалдак, жабайы кокнар",Ережепов 1978 + Шербаев 1988
Papaver somniferum L.,кокнар,Шербаев 1988
Peganum harmala L.,адраспан,Ережепов 1978 + Шербаев 1988
Petrosimonia sibirica (Pall.) Bunge,торгайот,Ережепов 1978
Phaseolus aureus Roxb.,маш,Шербаев 1988
Phaseolus vulgaris L.,лобия,Шербаев 1988
Phragmites australis (Cav.) Trin. ex Steud.,"камыс, кадимги камыс",Ережепов 1978 + Шербаев 1988
Phragmites isiacus (Delile) Kunth.,наркамыс,Ережепов 1978 + Шербаев 1988
Plantago lachnantha Bunge,аткулак,Ережепов 1978
Plantago lagocephala Bunge,аткулак,Ережепов 1978
Plantago lanceolata L.,аткулак,Ережепов 1978
Plantago major L.,аткулак,Ережепов 1978
Plantago minuta Pall.,аткулак,Ережепов 1978
Poa bulbosa L.,"конгырбас, конырбас",Ережепов 1978 + Шербаев 1988
Polygonum amphibium L.,"тамырдари, дари тамыр",Ережепов 1978 + Шербаев 1988
Polygonum aviculare L.,"кзылтары, кызылтары",Ережепов 1978 + Шербаев 1988
Polygonum corrigioloides Jaub. et Spach.,кзылтары,Ережепов 1978
Polygonum hydropiper L.,суу бурышы,Шербаев 1988
Polygonum scabrum Moench,кзылтары,Ережепов 1978
Populus alba L.,ак терек,Шербаев 1988
Populus ariana Dode,торангыл,Ережепов 1978 + Шербаев 1988
Populus bachofenii Wierzb. ex Rochel,кок терек,Шербаев 1988
Populus diversifolia Schrenk,торангыл,Ережепов 1978 + Шербаев 1988
Populus nigra L.,каратерек,Шербаев 1988
Populus pruinosa Schrenk,торангыл,Ережепов 1978 + Шербаев 1988
Portulaca oleracea L.,"семизшоп, семиз шоп",Ережепов 1978 + Шербаев 1988
Potamogeton crispus L.,шаланг,Ережепов 1978
Potamogeton filaformis Pers.,шаланг,Ережепов 1978
Potamogeton lucens L.,шаланг,Ережепов 1978
Potamogeton nodosus Poir.,шаланг,Ережепов 1978
Potamogeton pectinatus L.,шаланг,Ережепов 1978
Potamogeton perfoliatus L.,шаланг,Ережепов 1978
Psammogeton borszczovii (Rgl. et Schmalh.) Lipsky,зра,Ережепов 1978
Psammogeton setifolium (Boiss.) Boiss.,зра,Ережепов 1978
Ranunculus platyspermus Fisch. ex DC.,штыр,Ережепов 1978
Ranunculus sceleratus L.,штыр,Ережепов 1978
Rheum tataricum L.,"жапрак, туиежапрак, туе жапрак",Ережепов 1978 + Шербаев 1988
Rheum turkestanicum Janisch.,"жапрак, туйэжапрак, туе жапрак",Ережепов 1978 + Шербаев 1988
Rochelia macrocalyx Bunge,жабыскакшоп,Ережепов 1978
Roemeria hibrida (L.) DC.,кызгалдак,Шербаев 1988
Roemeria refracta DC.,"кизгалдак, кызгалдак",Ережепов 1978 + Шербаев 1988
Rosa damascena Mill.,атиргуль,Шербаев 1988
Rubia tinctorum L.,уайранбояу,Ережепов 1978 + Шербаев 1988
Salix alba L.,ак тал,Шербаев 1988
Salix excelsa S.G.Gmel.,узынтал,Шербаев 1988
Salix linearifolia E. Wolf.,"наруан тал, ук тал",Шербаев 1988
Salix songarica Anders.,"тал, ешки тал, жэнеуттал, тогай тал",Ережепов 1978 + Шербаев 1988
Salix wilhelmsiana Bieb.,"шгыртал, уйтал, шыгыртал, уи тал",Ережепов 1978 + Шербаев 1988
Salsola arbuscula Pall.,боялыш,Ережепов 1978 + Шербаев 1988
Salsola arbusculiformis Drob.,"боялыш, карабоялыш",Ережепов 1978 + Шербаев 1988
Salsola crassa Bieb.,балыккоз,Ережепов 1978
Salsola dendroides Pall.,"сора, аксар",Ережепов 1978 + Шербаев 1988
Salsola iberica Sennen et Pau,туекарын,Ережепов 1978
Salsola implicata Botsch.,ебелек,Ережепов 1978
Salsola laricifolia Turcz. ex Litv.,боялыш,Ережепов 1978
Salsola micranthera Botsch.,аксар,Ережепов 1978
Salsola orientalis S. G. Gmel.,"кейреук, куиревик",Ережепов 1978 + Шербаев 1988
Salsola paletzkiana Litv.,"черкез, кара черкез",Ережепов 1978 + Шербаев 1988
Salsola paulsenii Litv.,туекарын,Ережепов 1978
Salsola richteri (Moq.) Kar. et Litv.,черкез,Ережепов 1978 + Шербаев 1988
Schoenoplectus littoralis (Schrad.) Palla,донгызоленг,Ережепов 1978
Schoenoplectus tabernaemontani (Gmel.) Palla,донгызоленг,Ережепов 1978
Schumannia karelinii (Bunge) Eug. Kor.,косик,Ережепов 1978
Scirpus tabernaemontani C.C.Gmel.,каракога,Шербаев 1988
Sclerosiphon songaricum (Schrenk.) Nevski,курткашаш,Ережепов 1978 + Шербаев 1988
Scorzonera circumflexa Krasch.,коянтобык,Ережепов 1978
Scorzonera gageoides Boiss.,коянтобык,Ережепов 1978
Scorzonera pusilla Pall.,коянтобык,Шербаев 1988
Scorzonera sericeolanata Krasch. et Lipsch.,коянтобык,Ережепов 1978
Secale silvestre Host.,"жабайысулы, жабайы сулы",Ережепов 1978 + Шербаев 1988
Senecio noeanus Rupr.,сарыгул,Шербаев 1988
Senecio subdentatus Ledeb.,сарыбасшоп,Ережепов 1978
Setaria glauca (L.) Beauv.,пшыккуйрык,Ережепов 1978
Setaria verticillata (L.) Beauv.,"пшыккуйрык, пышыккуйдык",Ережепов 1978 + Шербаев 1988
Setaria viridis (L.) Beauv.,пшыккуйрык,Ережепов 1978
Smirnovia turkestana Bunge,партылдаук,Ережепов 1978
Smirnowia turkestana Bunge,кумпартылдауык,Шербаев 1988
Solanum nigrum L.,итжузим,Ережепов 1978
Solanum olgae Pojark.,итжузим,Ережепов 1978
Sonchus asper Hill.,шайпашек,Ережепов 1978
Sophora lehmannii Bunge,сасыкшоп,Ережепов 1978
Sorghum halepense (L.) Pers.,гумай,Ережепов 1978
Sorgum bicolor (L.) Moench,"жасымык жууери, найман жууери",Шербаев 1988
Sorgum cernuum (Ard.) Host,бои жууери,Шербаев 1988
Sorgum halepense (L.) Pers.,"гумай, джонсоновая трава кумай",Шербаев 1988
Sorgum sudanense (Piper) Stapf,судан оты,Шербаев 1988
Sphaerophysa salsula (Pall.) DC.,"партылдаук, партылдауык",Ережепов 1978 + Шербаев 1988
Stipa aktauensis Roshev.,аигыржал,Ережепов 1978
Stipa arabica Trin et Rupr.,аигыржал,Ережепов 1978
Stipa bella Drob.,айтыржал,Ережепов 1978
Stipa capillata L.,тырса,Шербаев 1988
Stipa hohenackeriana Trin. et Rupr.,айгыржал,Ережепов 1978
Stipa korshinskyi Roshev.,айгыржал,Ережепов 1978
Stipa spiridonovii Roshev.,айгыржал,Ережепов 1978
Stipagrostis karelinii (Trin. et Rupr.) Tzvel.,"нарселеу, селеу, еркек",Ережепов 1978 + Шербаев 1988
Stipagrostis pennata Winter Trin,"ургашыселеу, ургашы селеу, ак селеу",Ережепов 1978 + Шербаев 1988
Stipagrostis plumosa (L.) Munro ex T.Anders.,майда селеу,Шербаев 1988
Strigosella africana (L.) Botsch.,шытыр,Шербаев 1988
Suaeda altissima (L.) Pall.,карасора,Ережепов 1978
Suaeda linifolia Pall.,карасора,Ережепов 1978
Suaeda paradoxa (Bunge),карасора,Ережепов 1978
Suaeda prostrata Pall.,сора,Ережепов 1978
Tamarix androssovii Litv.,жингыл,Ережепов 1978
Tamarix bungei Boiss.,жингыл,Ережепов 1978
Tamarix elongata Ledeb.,"жингыл, ерманы жынгыл",Ережепов 1978 + Шербаев 1988
Tamarix florida Bunge,жингыл,Ережепов 1978
Tamarix hispida Willd.,"ерманыжингыл, ак жынгыл",Ережепов 1978 + Шербаев 1988
Tamarix hohenackeri Bunge,жингыл,Ережепов 1978
Tamarix laxa Willd.,"жингыл, тышкак жынгыл",Ережепов 1978 + Шербаев 1988
Tamarix leptostachys Bunge,жингыл,Ережепов 1978
Tamarix litvinovii Gorschk.,жингыл,Ережепов 1978
Tamarix ramosissima Ledeb.,"кзылжингыл, урпекоас жынгыл",Ережепов 1978 + Шербаев 1988
Tamarix smirnensis Bunge,жынгыл,Шербаев 1988
Torularia torulosa (Desf.) O. E. Schulz,штыр,Ережепов 1978
Tournefortia sibirica L.,тасбакажуери,Ережепов 1978
Trachomitum venetum (L.) Woodson var. scabrum (Beg. et Bell.),кзылкендир,Ережепов 1978
Tribulus terrestris L.,"темирткен, темиртикен",Ережепов 1978 + Шербаев 1988
Trifolium repens L.,"жабайыжонгыршка, акбасхонгыршка",Ережепов 1978
Trigonotis peduncularis (Trev.) Benth. ex Baker et S. Moore,таспа шоп,Шербаев 1988
Triticum aestivum L.,жазлык бийдай,Шербаев 1988
Triticum durum Desf.,катты бийдай,Шербаев 1988
Tulipa bifloriformis Vved.,жабайылала,Ережепов 1978
Tulipa buhseana Boiss.,жабайылала,Ережепов 1978
Tulipa lehmanniana Merckl.,жабайылала,Ережепов 1978
Tulipa sogdiana Bunge,жабайылала,Ережепов 1978
Typha foveolata Pobed.,"жекен, кога",Ережепов 1978
Typha grossheimii Pobed.,"жекен, кога",Ережепов 1978
Typha laxmannii Lepech.,"жекен, кога",Ережепов 1978
Typha pallida Pobed.,"жекен, кога",Ережепов 1978
Ulmus pumila L.,караагаш,Шербаев 1988
Xanthium strumarium L.,ошаган,Ережепов 1978 + Шербаев 1988
Ziziphora tenuior L.,"киикоты, кийикоты",Ережепов 1978 + Шербаев 1988
Zygophyllum fabago L. var. oxianum (Boriss.) Kitam.,"палаты, туйетабан",Ережепов 1978
"Zygophyllum macrophyllum Rgl., et Schmalh.","палаты, туйетабан",Ережепов 1978
Zygophyllum miniatum Cham. et Schleht.,"палаты, туйетабан",Ережепов 1978
Zygophyllum pinnatum Cham.,"палаты, туйетабан",Ережепов 1978
Zygophyllum turkomanicum Fisch. et Mey.,"палаты, туйетабан",Ережепов 1978
