lotincha_nom,qoraqalpoqcha_nom,manba,hal_qilingan_nom,qaysi_bosqich
Abutilon theophrasti Medik.,"бесбидай, бесбийдай, жин бийдай",Ережепов 1978 + Шербаев 1988,,2-bosqich
Acanthophyllum borszczowii Litv.,"козыткен, шынышап",Ережепов 1978 + Шербаев 1988,,1-bosqich
Acanthophyllum korolkovii Rgl. et Schmalh.,козыткен,Ережепов 1978,,1-bosqich
Acanthophyllum krascheninnikovii Schischk.,козыткен,Ережепов 1978,,1-bosqich
Achnatherum splendens (Trin.) Nevski,жезши,Ережепов 1978,,1-bosqich
Acroptilon repens (L.) DC.,кекре,Ережепов 1978,,1-bosqich
Aellenia subaphylla (C. A. Mey.) Aell.,чогон,Ережепов 1978,Halothamnus subaphyllus,4-bosqich
Aeluropus lagopoides (L.) Trin.,"ажрык, ажырык",Ережепов 1978 + Шербаев 1988,,2-bosqich
Aeluropus littoralis (Gouan) Parl.,"ажрык, ажырык",Ережепов 1978 + Шербаев 1988,,1-bosqich
Aeluropus repens (Desf.) Parl.,ажрык,Ережепов 1978,,1-bosqich
Agropyron desertorum (Fisch. ex Link) Schult.,"бидаык, бийдайык",Ережепов 1978 + Шербаев 1988,,1-bosqich
Agropyron fragile (Roth.) Nevski,"бидаык, бийдайык",Ережепов 1978 + Шербаев 1988,,1-bosqich
Alcea rosea L.,гулкайры,Шербаев 1988,,
Alhagi canescens Shap.,жантак,Ережепов 1978,,1-bosqich
Alhagi persarum Boiss. et Buhse,жантак,Ережепов 1978,,1-bosqich
Alhagi pseudalhagi (Bieb.) Desv.,жантак,Ережепов 1978,,1-bosqich
Alhagi sparsifolia Shap.,жантак,Ережепов 1978,,
Allium baissunense Lipsky,"ирижуа, таупияз",Ережепов 1978,,1-bosqich
Allium borszczowii Rgl.,"жуа, жууа",Ережепов 1978 + Шербаев 1988,,1-bosqich
Allium bucharicum Rgl.,"жуа, жууа",Ережепов 1978 + Шербаев 1988,,1-bosqich
Allium caeruleum Pall.,жууа,Шербаев 1988,,1-bosqich
Allium caspium (Pall.) Bieb.,жууа,Шербаев 1988,,1-bosqich
Allium cepa L.,пияз,Шербаев 1988,,
Allium coeruleum Pall.,жуа,Ережепов 1978,,1-bosqich
Allium sabulosum Stev.,жуа,Ережепов 1978,,1-bosqich
Allium stephanophorum Vved.,жуа,Ережепов 1978,,1-bosqich
Ammodendron conollyi Bunge,коянсуйек,Ережепов 1978,,1-bosqich
Ammodendron floribundum Zing.,коянсуйек,Ережепов 1978,,
Ammodendron karelinii Fisch. et Mey.,коянсуйек,Ережепов 1978,,1-bosqich
Ammodendron longiracemosum Raik.,коянсуйек,Ережепов 1978,Ammodendron karelinii,4-bosqich
Ammolirion inderiense (Bieb.) Rgl.,ширеш,Ережепов 1978,Eremurus inderiensis,4-bosqich
Anabasis aphylla L.,итсигек,Ережепов 1978 + Шербаев 1988,,1-bosqich
Anabasis eriopoda (Schrenk) Benth. ex Volkens,"кыркбуын, кырксадак",Ережепов 1978 + Шербаев 1988,,1-bosqich
Anabasis salsa (C. A. Mey.) Benth. ex Volkens,"биургун, бюргун",Ережепов 1978 + Шербаев 1988,,1-bosqich
Anisantha tectorum Nevski,жалтырбас,Ережепов 1978,Bromus tectorum,4-bosqich
Apocynum scabrum Russan.,кызыл кендир,Шербаев 1988,Apocynum venetum subsp. scabrum,4-bosqich
Arctium leiospermum Juz.,жапрак,Ережепов 1978,,1-bosqich
Argusia sibirica (L.) Dandy,тасбака жууери,Шербаев 1988,,1-bosqich
Aristida plumosa L.,селеу,Ережепов 1978,,1-bosqich
Arnebia decumbens (Vent.) Coss. et Kral.,кзылтамыр,Ережепов 1978,,1-bosqich
Artemisia diffusa Krasch.,акжусан,Ережепов 1978,,1-bosqich
Artemisia scoparia Waldst. et Kit.,курай,Ережепов 1978,,1-bosqich
Artemisia terrae-albae Krasch.,"акжусан, томаржусан, ак жуусан",Ережепов 1978 + Шербаев 1988,,1-bosqich
Artemisia tournefortiana Reichb.,курай,Ережепов 1978,,1-bosqich
Artemisia turanica Krasch.,каражусан,Ережепов 1978,,1-bosqich
Artemisia vulgaris L.,"курай, сасыккурай",Ережепов 1978,,1-bosqich
Astragalus ammodendron Bunge,сингрен,Ережепов 1978,,1-bosqich
Astragalus filicaulis Fisch. et Mey,жабайыжонгрышка,Ережепов 1978,,1-bosqich
Astragalus paucijugus C. A. Mey.,сингрен,Ережепов 1978,,1-bosqich
Astragalus unifolialatus Bunge,"акблек, сингрен",Ережепов 1978,,1-bosqich
Astragalus villosissimus Bunge,сингрен,Ережепов 1978,,1-bosqich
Atriplex amblyostegia Turcz.,алабута,Ережепов 1978,Atriplex aucheri,4-bosqich
Atriplex dimorphostegia Kar. et Kir.,алабута,Ережепов 1978,,1-bosqich
Atriplex flabellum Bunge,алабута,Ережепов 1978,,1-bosqich
Atriplex moneta Bunge,алабута,Ережепов 1978,,1-bosqich
Atriplex nitens Schkuhr.,"алабута, алапута",Ережепов 1978 + Шербаев 1988,Atriplex sagittata,
Bolboschoenus compactus (Hoffm.) Drob.,"караоленг, донгызоленг",Ережепов 1978,Bolboschoenus maritimus subsp. maritimus,4-bosqich
Bolboschoenus maritimus (L.) Palla,донызолен,Шербаев 1988,,1-bosqich
Bolboschoenus strobilinus (Roxb) V. Krecz.,караоленг,Ережепов 1978,Bolboschoenus maritimus subsp. affinis,4-bosqich
Borszczowia aralocaspica Bunge,бозанг,Ережепов 1978,,1-bosqich
Brassica rapa L.,турпи,Шербаев 1988,,2-bosqich
Bromopsis inermis (Leyss.) Holule,конгырбас,Ережепов 1978,Bromus inermis,4-bosqich
Bromus danthoniae Trin.,жалтырбас,Ережепов 1978,,1-bosqich
Calamagrostis epigeios (L.) Roth.,"урык, кокурык, кок урык",Ережепов 1978 + Шербаев 1988,,1-bosqich
Calamagrostis pseudophragmites (Hall. f.) Kocl.,урык,Ережепов 1978 + Шербаев 1988,,1-bosqich
Calendula officinalis L.,тырнакшагул,Шербаев 1988,,1-bosqich
Calligonum acanthopterum Borszcz.,"жузгун, кандым",Ережепов 1978,,1-bosqich
Calligonum aphyllum (Pall.) Gurke,"кзылжузгун, кызыл жузгин",Ережепов 1978 + Шербаев 1988,,1-bosqich
Calligonum aralense Borszcz.,жузгун,Ережепов 1978,,1-bosqich
Calligonum arborescens Litv.,"акжузгун, аккандым",Ережепов 1978,,1-bosqich
Calligonum borszczowii Litv.,жузгун,Ережепов 1978,,1-bosqich
Calligonum caputi-medusae Schrenk,"кзылжузгун, кзылкандым",Ережепов 1978,,1-bosqich
Calligonum colubrinum Borszcz.,жузгун,Ережепов 1978,,1-bosqich
Calligonum densum Borszcz.,жузгун,Ережепов 1978,,1-bosqich
Calligonum dubjanskyi Litv.,жузгун,Ережепов 1978,,1-bosqich
Calligonum erinaceum Borszcz.,жузгун,Ережепов 1978,,1-bosqich
Calligonum eriopodum Bunge.,жузгун,Ережепов 1978,,1-bosqich
Calligonum junceum (Fisch. et Mey.) Litv.,жузгун,Ережепов 1978,,1-bosqich
Calligonum leucocladum (Schrenk.) Bunge,акжузгун,Ережепов 1978,,1-bosqich
Calligonum litvinovii Drob.,жузгун,Ережепов 1978,,1-bosqich
Calligonum macrocarpum Borszcz.,жузгун,Ережепов 1978,,1-bosqich
Calligonum membranaceum Litv.,жузгун,Ережепов 1978,,1-bosqich
Calligonum minimum Lipsky,жузгун,Ережепов 1978,Calligonum microcarpum,4-bosqich
Calligonum murex Bunge,жузгун,Ережепов 1978,,1-bosqich
Calligonum patens Litv.,жузгун,Ережепов 1978,,1-bosqich
Calligonum platyacanthum Borszcz.,жузгун,Ережепов 1978,,1-bosqich
Calligonum rigidum Litv.,жузгун,Ережепов 1978,,1-bosqich
Calligonum rotula Borscz.,жузгун,Ережепов 1978,,1-bosqich
Calligonum rubescens Mattei,жузгун,Ережепов 1978,,1-bosqich
Calligonum squarrosum Pavl.,жузгун,Ережепов 1978,,1-bosqich
Calligonum tetrapterum Jaub. et Spach.,жузгун,Ережепов 1978,,1-bosqich
Calligonum triste Litv.,жузгун,Ережепов 1978,,
Calligonum undulatum Litv.,жузгун,Ережепов 1978,,1-bosqich
Cannabis ruderalis Janisch.,"жабайыкендир, жабайы кендир",Ережепов 1978 + Шербаев 1988,Cannabis sativa,4-bosqich
Cannabis sativa L.,егис кендири,Шербаев 1988,,1-bosqich
Capparis herbacea Willd.,геуил,Шербаев 1988,Capparis spinosa var. herbacea,4-bosqich
Capparis ovata Desf.,геул,Ережепов 1978,Capparis spinosa var. ovata,4-bosqich
Capparis rosanoviana B. Fedtsch.,геул,Ережепов 1978,,1-bosqich
Capsella bursa-pastoris (L.) Medik.,шопандорба,Ережепов 1978,,1-bosqich
Carex pachystylis J. Gay.,ранг,Ережепов 1978,,1-bosqich
Carex physodes Bieb.,ранг,Ережепов 1978,,1-bosqich
Celosia cristata L.,тэжикоразгул,Шербаев 1988,Celosia argentea,4-bosqich
Centaurea squarrosa Willd.,кекре,Ережепов 1978,,1-bosqich
Ceratocarpus arenarius L.,ебелек,Ережепов 1978,,1-bosqich
Ceratocarpus utriculosus Bluk.,ебелек,Ережепов 1978,,1-bosqich
Ceratocephala falcata (L.) Pers.,штыр,Ережепов 1978,,1-bosqich
Ceratocephala testiculata (Crantz) Roth,штыр,Ережепов 1978,,1-bosqich
Ceratoides eversmanniana Stschegl ex Losinsk.,терескен,Ережепов 1978,,1-bosqich
Ceratoides fruticulosa Pazij,терескен,Ережепов 1978,Krascheninnikovia fruticulosa,
Ceratophyllum demersum L.,шаланг,Ережепов 1978,,1-bosqich
Ceratophyllum submersum L.,шаланг,Ережепов 1978,,1-bosqich
Chenopodium album L.,"аксора, ак сора",Ережепов 1978 + Шербаев 1988,,1-bosqich
Chenopodium filicifolium Smith,сора,Ережепов 1978,,1-bosqich
Chenopodium glaucum L.,сора,Ережепов 1978,,1-bosqich
Chenopodium murale L.,сора,Ережепов 1978,,1-bosqich
Chenopodium rubrum L.,кзылсора,Ережепов 1978,,1-bosqich
Chenopodium strictum Roth.,сора,Ережепов 1978,Chenopodium album var. album,4-bosqich
Chorispora tenella (Pall.) DC.,шытыр,Ережепов 1978,,1-bosqich
Cichorium intybus L.,шашраткы,Ережепов 1978,,1-bosqich
Cirsium ochrolepideum Juz.,калуен,Ережепов 1978,,1-bosqich
Clematis orientalis L.,тунесингир,Ережепов 1978,,1-bosqich
Climacoptera affinis (C. A. Mey) Betsch.,коянжун,Ережепов 1978,Pyankovia affinis,4-bosqich
Climacoptera brachiata (Pall.) Botsch.,"торгайот, торгай оты",Ережепов 1978 + Шербаев 1988,,1-bosqich
Climacoptera ferganica (Drob.) Botsch.,балыккоз,Ережепов 1978,,1-bosqich
Climacoptera lanata (Pall.) Botsch.,балыккоз,Ережепов 1978 + Шербаев 1988,,1-bosqich
Climacoptera transoxana Botsch.,балыккоз,Ережепов 1978,,1-bosqich
Climacoptera turcomanica (Litv.) Botsch.,балыккоз,Ережепов 1978,,1-bosqich
Convolvulus arvensis L.,"пашек, койпашек",Ережепов 1978,,1-bosqich
Convolvulus fruticosus Pall.,кусконбас,Ережепов 1978 + Шербаев 1988,,1-bosqich
Convolvulus hamadae (Vved.) V. Petr.,партек,Ережепов 1978 + Шербаев 1988,,1-bosqich
Corispermum lehmannianum Bunge,кумтары,Шербаев 1988,,1-bosqich
Crambe kotschyana Boiss.,катран,Ережепов 1978,,1-bosqich
Cryptodiscus ammophilus Bunge,аклыкара,Ережепов 1978,Prangos ammophila,4-bosqich
Cucurbita maxima Duch.,карааскабак,Шербаев 1988,,
Cucurbita moschata (Duch.) Poir.,палаукабак,Шербаев 1988,,
Cucurbita pepo L.,аскабак,Шербаев 1988,,
Cucurbita turbaniformis (M.Roem.) Vass.,сэлле кабак,Шербаев 1988,Cucurbita maxima,
Cuscuta breviflora Vis.,"сарышоп, мерезшоп",Ережепов 1978,Cuscuta australis var. tineoi,4-bosqich
Cuscuta campestris Yunck.,"сарышоп, мерезшоп",Ережепов 1978,,1-bosqich
Cuscuta chinensis Lam.,"сарышоп, мерезшоп",Ережепов 1978,,1-bosqich
Cuscuta lehmanniana Bunge,"жоргемис, сарышоп",Ережепов 1978,,1-bosqich
Cuscuta monogyna Vahl.,"жоргемис, сарышоп",Ережепов 1978,,1-bosqich
Cuscuta pedicellata Ledeb.,"сарышоп, мерезшоп",Ережепов 1978,,1-bosqich
Cuscuta pellucida Butk.,сарышоп,Ережепов 1978,,1-bosqich
Cuscuta stapfiana Palib.,сарышоп,Ережепов 1978,Cuscuta kotschyana var. kotschyana,4-bosqich
Cynanchum acutum L. ssp. sibiricum Willd.,"сутлемек, сутлимек, атшокай",Ережепов 1978 + Шербаев 1988,,2-bosqich
Cynodon dactylon (L.) Pers.,кара-ажрык,Ережепов 1978,,1-bosqich
Cyperus glomeratus L.,жекен,Ережепов 1978,,
Cyperus rotundus L.,"атшокай, донгызоленг",Ережепов 1978,,1-bosqich
Datura stramonium L.,"бангидуана, бандууана",Ережепов 1978 + Шербаев 1988,,1-bosqich
Daucus carota L.,жабайы гешир,Шербаев 1988,,1-bosqich
Daucus sativis (Hoffm.) Rochl.,егис гешир,Шербаев 1988,Daucus carota subsp. sativus,4-bosqich
Delphinium camptocarpum Fisch. et Mey. ex Ledeb.,кутантумсык,Ережепов 1978,,1-bosqich
Delphinium inopinatum Nevski,кутантумсык,Ережепов 1978,,
Delphinium songoricum Nevski,кутантумсык,Ережепов 1978,Delphinium camptocarpum,4-bosqich
Dendrostellera arenaria Pobed.,усихо,Ережепов 1978,,1-bosqich
Dendrostellera macrorhachis Pobed.,усихо,Ережепов 1978,,1-bosqich
Descurainia sophia (L.) Webb ex Prantl,сыйркуйрык,Ережепов 1978,,1-bosqich
Dodartia orientalis L.,текесакал,Ережепов 1978 + Шербаев 1988,,1-bosqich
Echinochloa crus-galli (L.) Beauv.,сушигин,Ережепов 1978,,1-bosqich
Elaeagnus orientalis L.,жийде,Шербаев 1988,,1-bosqich
Elaeagnus oxycarpa Schlecht.,жигилдик,Шербаев 1988,,1-bosqich
Elaeagnus turkomanica N. Kozl.,жгилдик,Ережепов 1978,,1-bosqich
Elytrigia repens (L.) Nevski,бидаык,Ережепов 1978,Elymus repens,4-bosqich
Eminium lehmannii (Bunge) O. Kuntze,кушала,Ережепов 1978 + Шербаев 1988,,1-bosqich
Ephedra distachya L.,кзылша,Ережепов 1978,,1-bosqich
Ephedra equisetina Bunge,кзылша,Ережепов 1978,,1-bosqich
Ephedra lomatolepis Schrenk.,кзылша,Ережепов 1978,,1-bosqich
Ephedra przewalskii Stapf,"кзылша, кызылша",Ережепов 1978 + Шербаев 1988,,1-bosqich
Ephedra strobilaceae Bunge,кзылша,Ережепов 1978,,1-bosqich
Equisetum ramosissimum Desf.,кыркбуын,Ережепов 1978,,1-bosqich
Eremopyrum bonaepartis (Spreng.) Neski,арпахан,Шербаев 1988,,1-bosqich
Eremopyrum buonapartis (Spreng.) Nevski,"мортык, арпахан",Ережепов 1978,,1-bosqich
Eremopyrum distans (C. Koch) Nevski,арпахан,Ережепов 1978 + Шербаев 1988,,1-bosqich
Eremopyrum orientale (L.) Jaub. et Spach,"мортык, арпахан",Ережепов 1978 + Шербаев 1988,,1-bosqich
Eremopyrum triticeum (Gaertn.) Nevski,"мортык, арпахан",Ережепов 1978 + Шербаев 1988,,1-bosqich
Eremosparton aphyllum (Pall.) Fosch. et Mey.,"сыйркуйрык, сыпыргы, кустумсык",Ережепов 1978 + Шербаев 1988,,1-bosqich
Eremosparton laccidum Litv.,"сыйркуйрык, сыпыргы",Ережепов 1978,,1-bosqich
Erianthus ravennae (L.) Beauv.,мыска,Ережепов 1978,,1-bosqich
Erigeron canadensis L.,курай (сыйркуйрык),Ережепов 1978,,2-bosqich
Erodium litwinowii Woronow,Лайлек тумсык,Шербаев 1988,,1-bosqich
Eruca sativa Mill.,иллеу,Ережепов 1978,,1-bosqich
Euclidium syriacum (L.) R. Br.,"шытыр, каргатырнак",Ережепов 1978,,1-bosqich
Euphorbia densa Schrenk,козыкулак,Ережепов 1978 + Шербаев 1988,,1-bosqich
Euphorbia inderiensis Less.,козыкулак,Ережепов 1978,,1-bosqich
Euphorbia turczaninowii Kar. et Kir.,козыкулак,Ережепов 1978,,1-bosqich
Fedtschenkoa africana (L.) Dvorak,штыр,Ережепов 1978,Strigosella africana,4-bosqich
Ferula assa-foetida L.,геурек,Ережепов 1978,,
Ferula dubjanskyi Kor.,жаужамыр,Ережепов 1978,,1-bosqich
Ferula schair Borszcz.,шаир,Ережепов 1978,Ferula varia,4-bosqich
Ferula varia (Schrenk) Trautv.,шайыр,Шербаев 1988,,1-bosqich
Ficus carica L.,хадимги анжир,Шербаев 1988,,1-bosqich
Fragaria moschata Duch.,кулупнай,Шербаев 1988,,
Frankenia hirsuta L.,кийик шоп,Шербаев 1988,,1-bosqich
Gamanthus gamocarpus (Moq.) Bunge,данашур,Ережепов 1978,,1-bosqich
Girgensohnia oppositiflora (Pall.) Fenzl,бозанг,Ережепов 1978,,1-bosqich
Glycyrrhiza glabra L.,боян,Ережепов 1978 + Шербаев 1988,,1-bosqich
Glycyrrhiza zaissanica Serg.,боян,Ережепов 1978,,
Goebelia alopecuroides (L.) Bunge,сасыкбоян,Ережепов 1978,Sophora alopecuroides,4-bosqich
Gypsophila perfoliata L.,"кангбак, канбак",Ережепов 1978 + Шербаев 1988,,1-bosqich
Halimocnemis karelinii Moq.,"бзаубас, балкангбак",Ережепов 1978,,1-bosqich
Halimocnemis latifolia Iljin.,бзаубас,Ережепов 1978,,1-bosqich
Halimocnemis longifolia Bunge,бзаубас,Ережепов 1978,,1-bosqich
Halimocnemis sclerosperma (Pall.) C. A. Mey.,"ебелек, кангбак",Ережепов 1978,,1-bosqich
Halimocnemis villosa Kar. et Kir.,"ебелек, кангбак",Ережепов 1978,,1-bosqich
Halimodendron halodendron (Pall.) Voss.,"шенгел, менгел",Ережепов 1978 + Шербаев 1988,,1-bosqich
Halocharis hispida (C. A. Mey.) Bunge,коянжун,Ережепов 1978 + Шербаев 1988,,1-bosqich
Halocnemum strobilaceum (Pall.) Bieb.,"сарсазан, сарысазан",Ережепов 1978 + Шербаев 1988,,1-bosqich
Halostachys caspica (Bieb.) C. A. Mey.,карабарак,Ережепов 1978 + Шербаев 1988,,2-bosqich
Haloxylon ammodendron (C. A. Mey.) Bunge,"кырсексеул, кырсексеуил",Ережепов 1978 + Шербаев 1988,,1-bosqich
Haloxylon aphyllum (Minkw.) Iljin.,"карасексеул, карасексеуил",Ережепов 1978 + Шербаев 1988,,1-bosqich
Haloxylon persicum Bunge,"аксеул, сексексеуил",Ережепов 1978 + Шербаев 1988,,1-bosqich
Haplophyllum ramosissimum (Pauls.) Vved.,"шайшоп, сарсебиз",Ережепов 1978,,1-bosqich
Heliotropium arguzioides Kar. et Kir.,шайшоп,Ережепов 1978,,1-bosqich
Horaninovia ulicina Fisch. et Mey.,сары тикен,Шербаев 1988,,1-bosqich
Horaninowia anomale (C. A. Mey) Moq.,сарыткен,Ережепов 1978,,1-bosqich
Horaninowia sogdiana Blag.,сарыткен,Ережепов 1978,,
Hyoscyamus niger L.,мингдуана,Ережепов 1978,,1-bosqich
Hyoscyamus pusillus L.,мингдуана,Ережепов 1978,,1-bosqich
Hypecoum pendulum L.,жабайыкокнар,Ережепов 1978,,2-bosqich
Iris germanica L.,каракас,Шербаев 1988,,
Iris longiscapa Ledeb.,"назил, нэзил, кемпир шаш",Ережепов 1978 + Шербаев 1988,,1-bosqich
Isatis violascens Bunge,штыр,Ережепов 1978,,
Juglans regia L.,"гоза, жангак",Шербаев 1988,,1-bosqich
Kalidium caspicum (L.) Ung.-Sternb.,штыр,Ережепов 1978,,1-bosqich
Kalidium foliatum (Pall.) Moq.,туйе сора,Шербаев 1988,,1-bosqich
Karelinia caspia (Pall.) Less.,акбас,Ережепов 1978 + Шербаев 1988,,1-bosqich
Kochia prostrata (L.) Schrad.,"изен, изень",Ережепов 1978 + Шербаев 1988,,1-bosqich
Koelpinia linearis Pall.,"пшыктырнак, каргатырнак, пышыктырнак",Ережепов 1978 + Шербаев 1988,,1-bosqich
Lagenaria vulgaris Ser.,суу кабак,Шербаев 1988,Lagenaria siceraria,
Lappula spinocarpa (Forsk.) Aschers. ex Kuntze,жабыскакшоп,Ережепов 1978,,1-bosqich
Lepidium cortilagineum (J. Mayer) Thell.,мынгбас,Ережепов 1978,,1-bosqich
Lepidium latifolium L.,мынгбас,Ережепов 1978,,1-bosqich
Lepidium perfoliatum L.,"мынгбас, мынбас",Ережепов 1978 + Шербаев 1988,,1-bosqich
Leymus angustus (Trin.) Pilg.,кияк,Ережепов 1978,,2-bosqich
Leymus multicaulis (Kar. et Kir.) Tzvel.,кияк,Ережепов 1978,,2-bosqich
Leymus racemosus (Lam.) Tzvel.,кияк,Ережепов 1978,,2-bosqich
Limonium gmelinii (Willd.) O. Kuntze,итсигек,Ережепов 1978,,1-bosqich
Limonium otolepis (Schrenk.) Kuntze,итсигек,Ережепов 1978,,1-bosqich
Luffa cylindrica (L.) M.Roem.,дасмалкабак,Шербаев 1988,Cucumis melo,4-bosqich
Lycium ruthenicum Murr.,"актикен, акшенгел, карамык",Ережепов 1978 + Шербаев 1988,,1-bosqich
Mausolea eriocarpa (Bunge) Poljak.,харем жуусан,Шербаев 1988,,1-bosqich
Medicago lupulina L.,жабайыжонгыршка,Ережепов 1978,,1-bosqich
Medicago sativa L.,егис жонышкасы,Шербаев 1988,,1-bosqich
Melo agrestis (Naud.) Pang.,ийт туинек,Шербаев 1988,,1-bosqich
Melo dudaim (L.) Sager.,тас туинек,Шербаев 1988,Cucumis melo,4-bosqich
Melo sativus Sager. et M. Roem.,иттуйнек,Ережепов 1978,Cucumis melo,4-bosqich
Melo zard,сары гулабы,Шербаев 1988,Cucumis melo,4-bosqich
Mirabilis jalapa L.,намазшамгул,Шербаев 1988,,
Morus alba L.,ак тут,Шербаев 1988,,1-bosqich
Morus nigra L.,каратут,Шербаев 1988,,1-bosqich
Najas marina L.,шаланг,Ережепов 1978,,1-bosqich
Nanophyton erinaceum (Pall.) Bunge,тасбшоргун,Шербаев 1988,,1-bosqich
Nanophyton sibirica (Pall.) Bunge,тасбиургун,Ережепов 1978,,
Nuphar lutea (L.) Smith,сары тунгыйык,Шербаев 1988,,
Nymphaea candida J. et C.Presl,ак тунгыйык,Шербаев 1988,,1-bosqich
Ocimum basilicum L.,назбаигул,Шербаев 1988,,
Orobanche aegyptiaca Pers.,каунгул,Ережепов 1978,,2-bosqich
Oryza sativa L.,салы,Шербаев 1988,,
Panicum miliaceum L.,тары,Шербаев 1988,,
Papaver pavoninum Schrenk,"жабайыкокнаркызгалдак, жабайы кокнар",Ережепов 1978 + Шербаев 1988,,1-bosqich
Papaver somniferum L.,кокнар,Шербаев 1988,,
Peganum harmala L.,адраспан,Ережепов 1978 + Шербаев 1988,,1-bosqich
Petrosimonia sibirica (Pall.) Bunge,торгайот,Ережепов 1978,,1-bosqich
Phaseolus aureus Roxb.,маш,Шербаев 1988,Vigna radiata var. radiata,
Phaseolus vulgaris L.,лобия,Шербаев 1988,,
Phragmites australis (Cav.) Trin. ex Steud.,"камыс, кадимги камыс",Ережепов 1978 + Шербаев 1988,,1-bosqich
Phragmites isiacus (Delile) Kunth.,наркамыс,Ережепов 1978 + Шербаев 1988,Phragmites australis subsp. isiacus,4-bosqich
Plantago lachnantha Bunge,аткулак,Ережепов 1978,,1-bosqich
Plantago lagocephala Bunge,аткулак,Ережепов 1978,,1-bosqich
Plantago lanceolata L.,аткулак,Ережепов 1978,,1-bosqich
Plantago major L.,аткулак,Ережепов 1978,,1-bosqich
Plantago minuta Pall.,аткулак,Ережепов 1978,,1-bosqich
Poa bulbosa L.,"конгырбас, конырбас",Ережепов 1978 + Шербаев 1988,,1-bosqich
Polygonum amphibium L.,"тамырдари, дари тамыр",Ережепов 1978 + Шербаев 1988,Persicaria amphibia,4-bosqich
Polygonum aviculare L.,"кзылтары, кызылтары",Ережепов 1978 + Шербаев 1988,,1-bosqich
Polygonum corrigioloides Jaub. et Spach.,кзылтары,Ережепов 1978,,1-bosqich
Polygonum hydropiper L.,суу бурышы,Шербаев 1988,Persicaria hydropiper,4-bosqich
Polygonum scabrum Moench,кзылтары,Ережепов 1978,,1-bosqich
Populus alba L.,ак терек,Шербаев 1988,,1-bosqich
Populus ariana Dode,торангыл,Ережепов 1978 + Шербаев 1988,Populus euphratica,4-bosqich
Populus bachofenii Wierzb. ex Rochel,кок терек,Шербаев 1988,Populus alba,4-bosqich
Populus diversifolia Schrenk,торангыл,Ережепов 1978 + Шербаев 1988,Populus euphratica,4-bosqich
Populus nigra L.,каратерек,Шербаев 1988,,1-bosqich
Populus pruinosa Schrenk,торангыл,Ережепов 1978 + Шербаев 1988,,1-bosqich
Portulaca oleracea L.,"семизшоп, семиз шоп",Ережепов 1978 + Шербаев 1988,,1-bosqich
Potamogeton crispus L.,шаланг,Ережепов 1978,,1-bosqich
Potamogeton filaformis Pers.,шаланг,Ережепов 1978,,1-bosqich
Potamogeton lucens L.,шаланг,Ережепов 1978,,1-bosqich
Potamogeton nodosus Poir.,шаланг,Ережепов 1978,,1-bosqich
Potamogeton pectinatus L.,шаланг,Ережепов 1978,,1-bosqich
Potamogeton perfoliatus L.,шаланг,Ережепов 1978,,1-bosqich
Psammogeton borszczovii (Rgl. et Schmalh.) Lipsky,зра,Ережепов 1978,,
Psammogeton setifolium (Boiss.) Boiss.,зра,Ережепов 1978,,
Ranunculus platyspermus Fisch. ex DC.,штыр,Ережепов 1978,,1-bosqich
Ranunculus sceleratus L.,штыр,Ережепов 1978,,1-bosqich
Rheum tataricum L.,"жапрак, туиежапрак, туе жапрак",Ережепов 1978 + Шербаев 1988,,1-bosqich
Rheum turkestanicum Janisch.,"жапрак, туйэжапрак, туе жапрак",Ережепов 1978 + Шербаев 1988,,1-bosqich
Rochelia macrocalyx Bunge,жабыскакшоп,Ережепов 1978,Rochelia rectipes,4-bosqich
Roemeria hibrida (L.) DC.,кызгалдак,Шербаев 1988,,1-bosqich
Roemeria refracta DC.,"кизгалдак, кызгалдак",Ережепов 1978 + Шербаев 1988,,1-bosqich
Rosa damascena Mill.,атиргуль,Шербаев 1988,,
Rubia tinctorum L.,уайранбояу,Ережепов 1978 + Шербаев 1988,,2-bosqich
Salix alba L.,ак тал,Шербаев 1988,,1-bosqich
Salix excelsa S.G.Gmel.,узынтал,Шербаев 1988,,1-bosqich
Salix linearifolia E. Wolf.,"наруан тал, ук тал",Шербаев 1988,,1-bosqich
Salix songarica Anders.,"тал, ешки тал, жэнеуттал, тогай тал",Ережепов 1978 + Шербаев 1988,,1-bosqich
Salix wilhelmsiana Bieb.,"шгыртал, уйтал, шыгыртал, уи тал",Ережепов 1978 + Шербаев 1988,,1-bosqich
Salsola arbuscula Pall.,боялыш,Ережепов 1978 + Шербаев 1988,,1-bosqich
Salsola arbusculiformis Drob.,"боялыш, карабоялыш",Ережепов 1978 + Шербаев 1988,Oreosalsola arbusculiformis,4-bosqich
Salsola crassa Bieb.,балыккоз,Ережепов 1978,Climacoptera crassa,4-bosqich
Salsola dendroides Pall.,"сора, аксар",Ережепов 1978 + Шербаев 1988,,1-bosqich
Salsola iberica Sennen et Pau,туекарын,Ережепов 1978,,1-bosqich
Salsola implicata Botsch.,ебелек,Ережепов 1978,,1-bosqich
Salsola laricifolia Turcz. ex Litv.,боялыш,Ережепов 1978,Oreosalsola laricifolia,4-bosqich
Salsola micranthera Botsch.,аксар,Ережепов 1978,,1-bosqich
Salsola orientalis S. G. Gmel.,"кейреук, куиревик",Ережепов 1978 + Шербаев 1988,,1-bosqich
Salsola paletzkiana Litv.,"черкез, кара черкез",Ережепов 1978 + Шербаев 1988,,1-bosqich
Salsola paulsenii Litv.,туекарын,Ережепов 1978,,1-bosqich
Salsola richteri (Moq.) Kar. et Litv.,черкез,Ережепов 1978 + Шербаев 1988,,1-bosqich
Schoenoplectus littoralis (Schrad.) Palla,донгызоленг,Ережепов 1978,,2-bosqich
Schoenoplectus tabernaemontani (Gmel.) Palla,донгызоленг,Ережепов 1978,,2-bosqich
Schumannia karelinii (Bunge) Eug. Kor.,косик,Ережепов 1978,Ferula karelinii,4-bosqich
Scirpus tabernaemontani C.C.Gmel.,каракога,Шербаев 1988,,1-bosqich
Sclerosiphon songaricum (Schrenk.) Nevski,курткашаш,Ережепов 1978 + Шербаев 1988,Iris songarica,4-bosqich
Scorzonera circumflexa Krasch.,коянтобык,Ережепов 1978,,1-bosqich
Scorzonera gageoides Boiss.,коянтобык,Ережепов 1978,,1-bosqich
Scorzonera pusilla Pall.,коянтобык,Шербаев 1988,,1-bosqich
Scorzonera sericeolanata Krasch. et Lipsch.,коянтобык,Ережепов 1978,,1-bosqich
Secale silvestre Host.,"жабайысулы, жабайы сулы",Ережепов 1978 + Шербаев 1988,,1-bosqich
Senecio noeanus Rupr.,сарыгул,Шербаев 1988,,3-bosqich
Senecio subdentatus Ledeb.,сарыбасшоп,Ережепов 1978,,1-bosqich
Setaria glauca (L.) Beauv.,пшыккуйрык,Ережепов 1978,Cenchrus americanus,
Setaria verticillata (L.) Beauv.,"пшыккуйрык, пышыккуйдык",Ережепов 1978 + Шербаев 1988,,1-bosqich
Setaria viridis (L.) Beauv.,пшыккуйрык,Ережепов 1978,,1-bosqich
Smirnovia turkestana Bunge,партылдаук,Ережепов 1978,,1-bosqich
Smirnowia turkestana Bunge,кумпартылдауык,Шербаев 1988,,1-bosqich
Solanum nigrum L.,итжузим,Ережепов 1978,,1-bosqich
Solanum olgae Pojark.,итжузим,Ережепов 1978,,1-bosqich
Sonchus asper Hill.,шайпашек,Ережепов 1978,,1-bosqich
Sophora lehmannii Bunge,сасыкшоп,Ережепов 1978,,2-bosqich
Sorghum halepense (L.) Pers.,гумай,Ережепов 1978,,1-bosqich
Sorgum bicolor (L.) Moench,"жасымык жууери, найман жууери",Шербаев 1988,,
Sorgum cernuum (Ard.) Host,бои жууери,Шербаев 1988,Sorghum bicolor subsp. bicolor,
Sorgum halepense (L.) Pers.,"гумай, джонсоновая трава кумай",Шербаев 1988,,1-bosqich
Sorgum sudanense (Piper) Stapf,судан оты,Шербаев 1988,,
Sphaerophysa salsula (Pall.) DC.,"партылдаук, партылдауык",Ережепов 1978 + Шербаев 1988,,1-bosqich
Stipa aktauensis Roshev.,аигыржал,Ережепов 1978,,1-bosqich
Stipa arabica Trin et Rupr.,аигыржал,Ережепов 1978,,2-bosqich
Stipa bella Drob.,айтыржал,Ережепов 1978,,
Stipa capillata L.,тырса,Шербаев 1988,,1-bosqich
Stipa hohenackeriana Trin. et Rupr.,айгыржал,Ережепов 1978,,1-bosqich
Stipa korshinskyi Roshev.,айгыржал,Ережепов 1978,,
Stipa spiridonovii Roshev.,айгыржал,Ережепов 1978,,
Stipagrostis karelinii (Trin. et Rupr.) Tzvel.,"нарселеу, селеу, еркек",Ережепов 1978 + Шербаев 1988,,2-bosqich
Stipagrostis pennata Winter Trin,"ургашыселеу, ургашы селеу, ак селеу",Ережепов 1978 + Шербаев 1988,,2-bosqich
Stipagrostis plumosa (L.) Munro ex T.Anders.,майда селеу,Шербаев 1988,,2-bosqich
Strigosella africana (L.) Botsch.,шытыр,Шербаев 1988,,1-bosqich
Suaeda altissima (L.) Pall.,карасора,Ережепов 1978,,1-bosqich
Suaeda linifolia Pall.,карасора,Ережепов 1978,,1-bosqich
Suaeda paradoxa (Bunge),карасора,Ережепов 1978,,1-bosqich
Suaeda prostrata Pall.,сора,Ережепов 1978,,1-bosqich
Tamarix androssovii Litv.,жингыл,Ережепов 1978,,1-bosqich
Tamarix bungei Boiss.,жингыл,Ережепов 1978,,1-bosqich
Tamarix elongata Ledeb.,"жингыл, ерманы жынгыл",Ережепов 1978 + Шербаев 1988,,1-bosqich
Tamarix florida Bunge,жингыл,Ережепов 1978,,1-bosqich
Tamarix hispida Willd.,"ерманыжингыл, ак жынгыл",Ережепов 1978 + Шербаев 1988,,1-bosqich
Tamarix hohenackeri Bunge,жингыл,Ережепов 1978,,1-bosqich
Tamarix laxa Willd.,"жингыл, тышкак жынгыл",Ережепов 1978 + Шербаев 1988,,1-bosqich
Tamarix leptostachys Bunge,жингыл,Ережепов 1978,,1-bosqich
Tamarix litvinovii Gorschk.,жингыл,Ережепов 1978,,1-bosqich
Tamarix ramosissima Ledeb.,"кзылжингыл, урпекоас жынгыл",Ережепов 1978 + Шербаев 1988,,1-bosqich
Tamarix smirnensis Bunge,жынгыл,Шербаев 1988,,
Torularia torulosa (Desf.) O. E. Schulz,штыр,Ережепов 1978,Neotorularia torulosa,4-bosqich
Tournefortia sibirica L.,тасбакажуери,Ережепов 1978,Heliotropium sibiricum,4-bosqich
Trachomitum venetum (L.) Woodson var. scabrum (Beg. et Bell.),кзылкендир,Ережепов 1978,Apocynum venetum,4-bosqich
Tribulus terrestris L.,"темирткен, темиртикен",Ережепов 1978 + Шербаев 1988,,1-bosqich
Trifolium repens L.,"жабайыжонгыршка, акбасхонгыршка",Ережепов 1978,,1-bosqich
Trigonotis peduncularis (Trev.) Benth. ex Baker et S. Moore,таспа шоп,Шербаев 1988,,1-bosqich
Triticum aestivum L.,жазлык бийдай,Шербаев 1988,,
Triticum durum Desf.,катты бийдай,Шербаев 1988,,1-bosqich
Tulipa bifloriformis Vved.,жабайылала,Ережепов 1978,,1-bosqich
Tulipa buhseana Boiss.,жабайылала,Ережепов 1978,,1-bosqich
Tulipa lehmanniana Merckl.,жабайылала,Ережепов 1978,,1-bosqich
Tulipa sogdiana Bunge,жабайылала,Ережепов 1978,,1-bosqich
Typha foveolata Pobed.,"жекен, кога",Ережепов 1978,Typha angustifolia,4-bosqich
Typha grossheimii Pobed.,"жекен, кога",Ережепов 1978,,
Typha laxmannii Lepech.,"жекен, кога",Ережепов 1978,,1-bosqich
Typha pallida Pobed.,"жекен, кога",Ережепов 1978,Typha minima,4-bosqich
Ulmus pumila L.,караагаш,Шербаев 1988,,1-bosqich
Xanthium strumarium L.,ошаган,Ережепов 1978 + Шербаев 1988,,1-bosqich
Ziziphora tenuior L.,"киикоты, кийикоты",Ережепов 1978 + Шербаев 1988,,1-bosqich
Zygophyllum fabago L. var. oxianum (Boriss.) Kitam.,"палаты, туйетабан",Ережепов 1978,,
"Zygophyllum macrophyllum Rgl., et Schmalh.","палаты, туйетабан",Ережепов 1978,,1-bosqich
Zygophyllum miniatum Cham. et Schleht.,"палаты, туйетабан",Ережепов 1978,,1-bosqich
Zygophyllum pinnatum Cham.,"палаты, туйетабан",Ережепов 1978,,1-bosqich
Zygophyllum turkomanicum Fisch. et Mey.,"палаты, туйетабан",Ережепов 1978,,1-bosqich
